chr1	15410868	15411531	ENSG00000234607[1,1,1]	0	+	15410868	15410868	0	1	663,	0,	chr1	15410918	15411481	AL355994.4-201|processed_pseudogene	0	+	ZBTB17	563
chr1	22965968	22966886	ENSG00000229010[1,1,1]	0	+	22965968	22965968	0	1	918,	0,	chr1	22966018	22966836	AL161672.1-201|processed_pseudogene	0	+	LUZP1	818
chr1	30888816	30889423	ENSG00000237329[1,1,1]	0	+	30888816	30888816	0	1	607,	0,	chr1	30888866	30889373	retro_human_10755|AL356320.2-201|processed_pseudogene	0	+	PUM1	507
chr1	31115413	31115950	ENSG00000229447[1,1,1]	0	-	31115413	31115413	0	1	537,	0,	chr1	31115463	31115900	retro_human_11003|AC114495.2-201|processed_pseudogene	0	-	SNRNP40	437
chr1	43614221	43614592	ENSG00000233674[1,1,1]	0	+	43614433	43614577	0	1	371,	0,	chr1	43614271	43614542	retro_human_10715|AL451062.2-201|processed_pseudogene	0	+	ST3GAL3	271
chr1	85870340	85871176	ENSG00000229505[1,1,1]	0	+	85870340	85870340	0	1	836,	0,	chr1	85870390	85871126	AC104455.1-201|processed_pseudogene	0	+	COL24A1	736
chr1	93045291	93045576	ENSG00000225297[1,1,1]	0	-	93045291	93045291	0	1	285,	0,	chr1	93045341	93045526	AC126124.1-201|processed_pseudogene	0	-	CCDC18	185
chr1	100097007	100097329	ENSG00000230287[1,1,1]	0	+	100097007	100097007	0	1	322,	0,	chr1	100097057	100097279	AL445928.1-201|processed_pseudogene	0	+	DBT	222
chr1	110271678	110271955	ENSG00000282852[1,1,1]	0	+	110271678	110271678	0	1	277,	0,	chr1	110271728	110271905	retro_human_37|AL137790.2-201|processed_pseudogene	0	+	KCNC4	177
chr1	144089716	144089927	ENSG00000271644[1,1,1]	0	+	144089716	144089716	0	1	211,	0,	chr1	144089766	144089877	AC242498.1-201|processed_pseudogene	0	+	SRGAP2B	111
chr1	153027802	153028173	ENSG00000236327[1,1,1]	0	+	153027802	153027802	0	1	371,	0,	chr1	153027852	153028123	retro_human_2915|AL831737.1-201|processed_pseudogene	0	+	GATAD2B	271
chr1	168829356	168829556	ENSG00000234604[1,1,1]	0	-	168829356	168829356	0	1	200,	0,	chr1	168829406	168829506	AL021068.1-201|processed_pseudogene	0	-	SLC19A2	100
chr1	178492702	178492973	ENSG00000234041[1,1,1]	0	+	178492702	178492702	0	1	271,	0,	chr1	178492752	178492923	AL512326.5-201|processed_pseudogene	0	+	ABL2	171
chr1	206170182	206170748	ENSG00000271680[1,1,1]	0	+	206170182	206170182	0	1	566,	0,	chr1	206170232	206170698	AC098935.2-201|processed_pseudogene	0	+	FCMR	466
chr1	206415403	206415580	ENSG00000226565[1,1,1]	0	-	206415403	206415403	0	1	177,	0,	chr1	206415453	206415530	AL445493.1-201|processed_pseudogene	0	-	LOC107985251	77
chr1	226146030	226146329	ENSG00000228525[1,1,1]	0	-	226146030	226146030	0	1	299,	0,	chr1	226146080	226146279	AL353689.1-201|processed_pseudogene	0	-	COQ8A	199
chr2	15428775	15429223	ENSG00000229087[1,1,1]	0	-	15429050	15429173	0	1	448,	0,	chr2	15428825	15429173	retro_human_11185|RPS26P18-201|processed_pseudogene	0	-	NBAS	348
chr2	25891741	25892347	ENSG00000218682[1,1,1]	0	-	25892006	25892270	0	1	606,	0,	chr2	25891791	25892297	retro_human_329|AC064847.1-201|processed_pseudogene	0	-	ASXL2	506
chr2	64459211	64459740	ENSG00000237217[1,1,1]	0	+	64459211	64459211	0	1	529,	0,	chr2	64459261	64459690	AC008074.1-201|processed_pseudogene	0	+	LGALSL-DT	429
chr2	81666977	81667329	ENSG00000233444[1,1,1]	0	-	81666977	81666977	0	1	352,	0,	chr2	81667027	81667279	AC013262.1-201|processed_pseudogene	0	-	LOC102724542	252
chr2	85362758	85362986	ENSG00000271014[1,1,1]	0	-	85362758	85362758	0	1	228,	0,	chr2	85362808	85362936	AC062037.1-201|processed_pseudogene	0	-	ELMOD3	128
chr2	97982121	97983249	ENSG00000235833[1,1,1]	0	-	97982416	97982539	0	1	1128,	0,	chr2	97982171	97983199	AC017099.1-201|processed_pseudogene	0	-	ANKRD36B	1028
chr2	127116611	127117510	ENSG00000235128[1,1,1]	0	+	127117082	127117457	0	1	899,	0,	chr2	127116661	127117460	AC013474.1-201|processed_pseudogene	0	+	GYPC	799
chr2	128587058	128587309	ENSG00000232101[1,1,1]	0	-	128587058	128587058	0	1	251,	0,	chr2	128587108	128587259	AC108059.1-201|processed_pseudogene	0	-	UGGT1	151
chr2	198017348	198017611	ENSG00000231699[1,1,1]	0	+	198017348	198017348	0	1	263,	0,	chr2	198017398	198017561	retro_human_5105|AC020550.1-201|processed_pseudogene	0	+	MOB4,HSPE1-MOB4	163
chr2	223183650	223184612	ENSG00000203531[1,1,1]	0	-	223183650	223183650	0	1	962,	0,	chr2	223183700	223184559	retro_human_10992|AC104772.1-201|processed_pseudogene	0	-	MOGAT1	859
chr2	230184314	230184769	ENSG00000235993[1,1,1]	0	+	230184314	230184314	0	1	455,	0,	chr2	230184364	230184719	retro_human_7152|AC007559.1-201|processed_pseudogene	0	+	DNER	355
chr2	241617781	241618100	ENSG00000235861[1,1,1]	0	+	241617781	241617781	0	1	319,	0,	chr2	241617831	241618050	AC005237.2-201|processed_pseudogene	0	+	PASK	219
chr3	15735089	15735833	ENSG00000270409[2,1,1]	0	+	15735089	15735089	0	1	744,	0,	chr3	15734649	15735716	retro_human_3316	0	+	ANKRD28	627
chr3	50749398	50749968	ENSG00000213587[1,1,1]	0	-	50749398	50749398	0	1	570,	0,	chr3	50749448	50749918	retro_human_72|AC126120.1-201|processed_pseudogene	0	-	DOCK3	470
chr3	116461972	116462504	ENSG00000239280[1,1,1]	0	-	116461972	116461972	0	1	532,	0,	chr3	116462022	116462454	AC108693.1-201|processed_pseudogene	0	-	NAA50	432
chr3	125202201	125202541	ENSG00000275348[1,1,1]	0	+	125202201	125202201	0	1	340,	0,	chr3	125202251	125202491	AC096861.1-201|processed_pseudogene	0	+	KPNA1	240
chr3	136154661	136155650	ENSG00000249820[1,1,1]	0	+	136154711	136154987	0	1	989,	0,	chr3	136154711	136155600	AC055753.1-201|processed_pseudogene	0	+	BFSP2	889
chr3	199017503	199017758	ENSG00000237418[1,1,1]	0	-	199017503	199017503	0	1	255,	0,	chr3	199017553	199017708	AC069257.2-201|processed_pseudogene	0	-	DYNLT2B	155
chr4	336161	336403	ENSG00000250321[1,1,1]	0	-	336161	336161	0	1	242,	0,	chr4	336211	336353	AC079140.2-201|processed_pseudogene	0	-	ZNF141	142
chr4	39943040	39943455	ENSG00000250568[1,1,1]	0	-	39943093	39943306	0	1	415,	0,	chr4	39943090	39943405	AC098591.3-201|processed_pseudogene	0	-	PDS5A	315
chr4	41897942	41898243	ENSG00000249887[1,1,1]	0	+	41897942	41897942	0	1	301,	0,	chr4	41897992	41898193	AC108210.2-201|processed_pseudogene	0	+	LOC105374426	201
chr4	57563816	57564140	ENSG00000251105[1,1,1]	0	+	57563816	57563816	0	1	324,	0,	chr4	57563866	57564090	retro_human_10827|AC110792.1-201|processed_pseudogene	0	+	CHIC2	224
chr4	81205278	81205675	ENSG00000250214[1,1,1]	0	-	81205278	81205278	0	1	397,	0,	chr4	81205328	81205625	retro_human_10191|AC112225.1-201|processed_pseudogene	0	-	MRPL1	297
chr4	96212332	96212877	ENSG00000248750[1,1,1]	0	+	96212472	96212691	0	1	545,	0,	chr4	96212382	96212827	AC020699.1-201|processed_pseudogene	0	+	GRID2	445
chr4	161160831	161161402	ENSG00000249627[1,1,1]	0	+	161160831	161160831	0	1	571,	0,	chr4	161160881	161161352	retro_human_3598|AC017037.1-201|processed_pseudogene	0	+	LOC105377509	471
chr4	189097716	189097936	ENSG00000285745[1,1,1]	0	-	189097766	189097877	0	1	220,	0,	chr4	189097766	189097886	AC104805.1-201|processed_pseudogene	0	-	SORBS2	120
chr5	45811095	45813263	ENSG00000250422[1,1,1]	0	+	45811095	45811095	0	1	2168,	0,	chr5	45811145	45813213	AC117529.2-201|processed_pseudogene	0	+	HCN1	2068
chr5	53717366	53717762	ENSG00000251237[1,1,1]	0	+	53717513	53717733	0	1	396,	0,	chr5	53717416	53717712	B3GNTL1P1-201|processed_pseudogene	0	+	ITGA1	296
chr5	56773032	56773210	ENSG00000264281[1,1,1]	0	+	56773032	56773032	0	1	178,	0,	chr5	56773082	56773160	AC016596.2-201|processed_pseudogene	0	+	IL6ST	78
chr5	63381439	63381897	ENSG00000241991[1,1,1]	0	-	63381439	63381439	0	1	458,	0,	chr5	63381489	63381847	AC114982.2-201|processed_pseudogene	0	-	IPO11	358
chr5	67444900	67445310	ENSG00000248803[1,1,1]	0	+	67444968	67445286	0	1	410,	0,	chr5	67444950	67445260	AC092349.1-201|processed_pseudogene	0	+	MAST4	310
chr5	81726858	81727228	ENSG00000248794[1,1,1]	0	-	81726858	81726858	0	1	370,	0,	chr5	81726908	81727178	retro_human_3714|AC026436.1-201|processed_pseudogene	0	-	CKMT2-AS1,CKMT2	270
chr5	112873870	112874181	ENSG00000248350[1,1,1]	0	-	112874062	112874179	0	1	311,	0,	chr5	112873920	112874131	retro_human_7544|AC010265.1-201|processed_pseudogene	0	-	EPB41L4A	211
chr5	116564246	116564719	ENSG00000185641[1,1,1]	0	-	116564246	116564246	0	1	473,	0,	chr5	116564296	116564669	retro_human_2109|AC034236.1-201|processed_pseudogene	0	-	ARL14EPL	373
chr5	132709970	132747785	ENSG00000072682[1,32,1]	0	-	132712886	132738504	255	16	2984,97,69,60,54,100,71,177,194,240,138,152,97,100,290,118,	0,4829,5315,8224,8782,13651,13985,17611,19040,20186,23818,27104,27659,28452,36839,37697,	chr5	132719329	132723361	retro_human_4940|AC063976.2-201|processed_pseudogene	0	+	P4HA2	4032
chr5	132709970	132747785	ENSG00000072682[1,33,1]	0	-	132712886	132738504	255	16	2984,97,69,60,54,100,71,177,194,240,138,152,97,100,136,118,	0,4829,5315,8224,8782,13651,13985,17611,19040,20186,23818,27104,27659,28452,36993,37697,	chr5	132719329	132723361	retro_human_4940|AC063976.2-201|processed_pseudogene	0	+	P4HA2	4032
chr5	132711661	132747785	ENSG00000072682[1,27,3]	0	-	132712886	132738504	255	15	1293,97,69,60,54,100,71,177,194,240,138,152,97,100,369,	0,3138,3624,6533,7091,11960,12294,15920,17349,18495,22127,25413,25968,26761,35755,	chr5	132719329	132723361	retro_human_4940|AC063976.2-201|processed_pseudogene	0	+	P4HA2	4032
chr5	132711661	132747785	ENSG00000072682[1,26,3]	0	-	132712886	132738504	255	15	1293,97,69,66,54,100,71,177,194,240,138,152,97,100,822,	0,3138,3624,6418,7091,11960,12294,15920,17349,18495,22127,25413,25968,26761,35302,	chr5	132719329	132723361	retro_human_4940|AC063976.2-201|processed_pseudogene	0	+	P4HA2	4032
chr5	132711661	132747785	ENSG00000072682[1,30,3]	0	-	132712886	132738504	255	16	1293,97,69,60,54,100,71,177,194,240,138,152,97,100,173,369,	0,3138,3624,6533,7091,11960,12294,15920,17349,18495,22127,25413,25968,26761,35302,35755,	chr5	132719329	132723361	retro_human_4940|AC063976.2-201|processed_pseudogene	0	+	P4HA2	4032
chr5	132711661	132747785	ENSG00000072682[1,31,3]	0	-	132712886	132738504	255	14	1293,97,69,60,54,100,71,194,240,138,152,97,100,118,	0,3138,3624,6533,7091,11960,12294,17349,18495,22127,25413,25968,26761,36006,	chr5	132719329	132723361	retro_human_4940|AC063976.2-201|processed_pseudogene	0	+	P4HA2	4032
chr5	132711661	132747785	ENSG00000072682[1,29,3]	0	-	132712886	132738504	255	16	1293,97,69,60,54,100,71,177,194,240,138,152,97,100,136,369,	0,3138,3624,6533,7091,11960,12294,15920,17349,18495,22127,25413,25968,26761,35302,35755,	chr5	132719329	132723361	retro_human_4940|AC063976.2-201|processed_pseudogene	0	+	P4HA2	4032
chr5	132711661	132747785	ENSG00000072682[1,4,3]	0	-	132712886	132738504	255	15	1293,97,69,66,54,100,71,177,194,240,138,152,97,100,118,	0,3138,3624,6418,7091,11960,12294,15920,17349,18495,22127,25413,25968,26761,36006,	chr5	132719329	132723361	retro_human_4940|AC063976.2-201|processed_pseudogene	0	+	P4HA2	4032
chr5	132711661	132747785	ENSG00000072682[1,34,3]	0	-	132712886	132738504	255	16	1293,97,69,66,54,100,71,177,194,240,138,152,97,100,173,118,	0,3138,3624,6418,7091,11960,12294,15920,17349,18495,22127,25413,25968,26761,35302,36006,	chr5	132719329	132723361	retro_human_4940|AC063976.2-201|processed_pseudogene	0	+	P4HA2	4032
chr5	132711661	132747785	ENSG00000072682[1,25,3]	0	-	132712886	132738504	255	15	1293,97,69,60,54,100,71,177,194,240,138,152,97,100,976,	0,3138,3624,6533,7091,11960,12294,15920,17349,18495,22127,25413,25968,26761,35148,	chr5	132719329	132723361	retro_human_4940|AC063976.2-201|processed_pseudogene	0	+	P4HA2	4032
chr5	132711661	132747785	ENSG00000072682[1,12,3]	0	-	132712886	132738504	255	15	1293,97,69,60,54,100,71,177,194,240,138,152,97,100,822,	0,3138,3624,6533,7091,11960,12294,15920,17349,18495,22127,25413,25968,26761,35302,	chr5	132719329	132723361	retro_human_4940|AC063976.2-201|processed_pseudogene	0	+	P4HA2	4032
chr5	132711661	132747785	ENSG00000072682[1,32,3]	0	-	132712886	132738504	255	16	1293,97,69,60,54,100,71,177,194,240,138,152,97,100,290,118,	0,3138,3624,6533,7091,11960,12294,15920,17349,18495,22127,25413,25968,26761,35148,36006,	chr5	132719329	132723361	retro_human_4940|AC063976.2-201|processed_pseudogene	0	+	P4HA2	4032
chr5	132711661	132747785	ENSG00000072682[1,33,3]	0	-	132712886	132738504	255	16	1293,97,69,60,54,100,71,177,194,240,138,152,97,100,136,118,	0,3138,3624,6533,7091,11960,12294,15920,17349,18495,22127,25413,25968,26761,35302,36006,	chr5	132719329	132723361	retro_human_4940|AC063976.2-201|processed_pseudogene	0	+	P4HA2	4032
chr5	132711661	132747785	ENSG00000072682[1,3,3]	0	-	132712886	132738504	0	16	1293,97,69,60,54,100,71,177,194,240,138,152,97,100,173,118,	0,3138,3624,6533,7091,11960,12294,15920,17349,18495,22127,25413,25968,26761,35302,36006,	chr5	132719329	132723361	retro_human_4940|AC063976.2-201|processed_pseudogene	0	+	P4HA2	4032
chr5	132711661	132748010	ENSG00000072682[12,1,3]	0	-	132712886	132738504	0	15	1293,97,69,60,54,100,71,177,194,240,138,152,97,100,343,	0,3138,3624,6533,7091,11960,12294,15920,17349,18495,22127,25413,25968,26761,36006,	chr5	132719329	132723361	retro_human_4940|AC063976.2-201|processed_pseudogene	0	+	P4HA2	4032
chr5	132711661	132747785	ENSG00000072682[1,1,3]	0	-	132712886	132738504	0	15	1293,97,69,60,54,100,71,177,194,240,138,152,97,100,118,	0,3138,3624,6533,7091,11960,12294,15920,17349,18495,22127,25413,25968,26761,36006,	chr5	132719329	132723361	retro_human_4940|AC063976.2-201|processed_pseudogene	0	+	P4HA2	4032
chr5	132711661	132747785	ENSG00000072682[1,6,3]	0	-	132712886	132738504	0	16	1293,97,69,66,54,100,71,177,194,240,138,152,97,100,136,118,	0,3138,3624,6418,7091,11960,12294,15920,17349,18495,22127,25413,25968,26761,35302,36006,	chr5	132719329	132723361	retro_human_4940|AC063976.2-201|processed_pseudogene	0	+	P4HA2	4032
chr5	132711839	132747785	ENSG00000072682[1,30,11]	0	-	132712886	132738504	255	16	1115,97,69,60,54,100,71,177,194,240,138,152,97,100,173,369,	0,2960,3446,6355,6913,11782,12116,15742,17171,18317,21949,25235,25790,26583,35124,35577,	chr5	132719329	132723361	retro_human_4940|AC063976.2-201|processed_pseudogene	0	+	P4HA2	4032
chr5	132711839	132747785	ENSG00000072682[1,29,11]	0	-	132712886	132738504	255	16	1115,97,69,60,54,100,71,177,194,240,138,152,97,100,136,369,	0,2960,3446,6355,6913,11782,12116,15742,17171,18317,21949,25235,25790,26583,35124,35577,	chr5	132719329	132723361	retro_human_4940|AC063976.2-201|processed_pseudogene	0	+	P4HA2	4032
chr5	132711839	132747785	ENSG00000072682[1,4,11]	0	-	132712886	132738504	255	15	1115,97,69,66,54,100,71,177,194,240,138,152,97,100,118,	0,2960,3446,6240,6913,11782,12116,15742,17171,18317,21949,25235,25790,26583,35828,	chr5	132719329	132723361	retro_human_4940|AC063976.2-201|processed_pseudogene	0	+	P4HA2	4032
chr5	132711839	132747785	ENSG00000072682[1,34,11]	0	-	132712886	132738504	255	16	1115,97,69,66,54,100,71,177,194,240,138,152,97,100,173,118,	0,2960,3446,6240,6913,11782,12116,15742,17171,18317,21949,25235,25790,26583,35124,35828,	chr5	132719329	132723361	retro_human_4940|AC063976.2-201|processed_pseudogene	0	+	P4HA2	4032
chr5	132711839	132747785	ENSG00000072682[1,33,11]	0	-	132712886	132738504	255	16	1115,97,69,60,54,100,71,177,194,240,138,152,97,100,136,118,	0,2960,3446,6355,6913,11782,12116,15742,17171,18317,21949,25235,25790,26583,35124,35828,	chr5	132719329	132723361	retro_human_4940|AC063976.2-201|processed_pseudogene	0	+	P4HA2	4032
chr5	132711839	132747785	ENSG00000072682[1,3,11]	0	-	132712886	132738504	0	16	1115,97,69,60,54,100,71,177,194,240,138,152,97,100,173,118,	0,2960,3446,6355,6913,11782,12116,15742,17171,18317,21949,25235,25790,26583,35124,35828,	chr5	132719329	132723361	retro_human_4940|AC063976.2-201|processed_pseudogene	0	+	P4HA2	4032
chr5	132711839	132747785	ENSG00000072682[1,1,11]	0	-	132712886	132738504	0	15	1115,97,69,60,54,100,71,177,194,240,138,152,97,100,118,	0,2960,3446,6355,6913,11782,12116,15742,17171,18317,21949,25235,25790,26583,35828,	chr5	132719329	132723361	retro_human_4940|AC063976.2-201|processed_pseudogene	0	+	P4HA2	4032
chr5	132711839	132747785	ENSG00000072682[1,6,11]	0	-	132712886	132738504	0	16	1115,97,69,66,54,100,71,177,194,240,138,152,97,100,136,118,	0,2960,3446,6240,6913,11782,12116,15742,17171,18317,21949,25235,25790,26583,35124,35828,	chr5	132719329	132723361	retro_human_4940|AC063976.2-201|processed_pseudogene	0	+	P4HA2	4032
chr5	132712433	132747785	ENSG00000072682[1,28,2]	0	-	132712886	132738504	255	16	521,97,69,66,54,100,71,177,194,240,138,152,97,100,136,369,	0,2366,2852,5646,6319,11188,11522,15148,16577,17723,21355,24641,25196,25989,34530,34983,	chr5	132719329	132723361	retro_human_4940|AC063976.2-201|processed_pseudogene	0	+	P4HA2	4032
chr5	132712433	132747785	ENSG00000072682[1,27,2]	0	-	132712886	132738504	255	15	521,97,69,60,54,100,71,177,194,240,138,152,97,100,369,	0,2366,2852,5761,6319,11188,11522,15148,16577,17723,21355,24641,25196,25989,34983,	chr5	132719329	132723361	retro_human_4940|AC063976.2-201|processed_pseudogene	0	+	P4HA2	4032
chr5	132712433	132747785	ENSG00000072682[1,26,2]	0	-	132712886	132738504	255	15	521,97,69,66,54,100,71,177,194,240,138,152,97,100,822,	0,2366,2852,5646,6319,11188,11522,15148,16577,17723,21355,24641,25196,25989,34530,	chr5	132719329	132723361	retro_human_4940|AC063976.2-201|processed_pseudogene	0	+	P4HA2	4032
chr5	132712433	132747785	ENSG00000072682[1,30,2]	0	-	132712886	132738504	255	16	521,97,69,60,54,100,71,177,194,240,138,152,97,100,173,369,	0,2366,2852,5761,6319,11188,11522,15148,16577,17723,21355,24641,25196,25989,34530,34983,	chr5	132719329	132723361	retro_human_4940|AC063976.2-201|processed_pseudogene	0	+	P4HA2	4032
chr5	132712433	132747785	ENSG00000072682[1,31,2]	0	-	132712886	132738504	255	14	521,97,69,60,54,100,71,194,240,138,152,97,100,118,	0,2366,2852,5761,6319,11188,11522,16577,17723,21355,24641,25196,25989,35234,	chr5	132719329	132723361	retro_human_4940|AC063976.2-201|processed_pseudogene	0	+	P4HA2	4032
chr5	132712433	132747785	ENSG00000072682[1,29,2]	0	-	132712886	132738504	255	16	521,97,69,60,54,100,71,177,194,240,138,152,97,100,136,369,	0,2366,2852,5761,6319,11188,11522,15148,16577,17723,21355,24641,25196,25989,34530,34983,	chr5	132719329	132723361	retro_human_4940|AC063976.2-201|processed_pseudogene	0	+	P4HA2	4032
chr5	132712433	132747785	ENSG00000072682[1,4,2]	0	-	132712886	132738504	255	15	521,97,69,66,54,100,71,177,194,240,138,152,97,100,118,	0,2366,2852,5646,6319,11188,11522,15148,16577,17723,21355,24641,25196,25989,35234,	chr5	132719329	132723361	retro_human_4940|AC063976.2-201|processed_pseudogene	0	+	P4HA2	4032
chr5	132712433	132747785	ENSG00000072682[1,34,2]	0	-	132712886	132738504	255	16	521,97,69,66,54,100,71,177,194,240,138,152,97,100,173,118,	0,2366,2852,5646,6319,11188,11522,15148,16577,17723,21355,24641,25196,25989,34530,35234,	chr5	132719329	132723361	retro_human_4940|AC063976.2-201|processed_pseudogene	0	+	P4HA2	4032
chr5	132712433	132747785	ENSG00000072682[1,25,2]	0	-	132712886	132738504	255	15	521,97,69,60,54,100,71,177,194,240,138,152,97,100,976,	0,2366,2852,5761,6319,11188,11522,15148,16577,17723,21355,24641,25196,25989,34376,	chr5	132719329	132723361	retro_human_4940|AC063976.2-201|processed_pseudogene	0	+	P4HA2	4032
chr5	132712433	132747785	ENSG00000072682[1,12,2]	0	-	132712886	132738504	255	15	521,97,69,60,54,100,71,177,194,240,138,152,97,100,822,	0,2366,2852,5761,6319,11188,11522,15148,16577,17723,21355,24641,25196,25989,34530,	chr5	132719329	132723361	retro_human_4940|AC063976.2-201|processed_pseudogene	0	+	P4HA2	4032
chr5	132712433	132747785	ENSG00000072682[1,32,2]	0	-	132712886	132738504	255	16	521,97,69,60,54,100,71,177,194,240,138,152,97,100,290,118,	0,2366,2852,5761,6319,11188,11522,15148,16577,17723,21355,24641,25196,25989,34376,35234,	chr5	132719329	132723361	retro_human_4940|AC063976.2-201|processed_pseudogene	0	+	P4HA2	4032
chr5	132712433	132748010	ENSG00000072682[12,33,2]	0	-	132712886	132738504	255	16	521,97,69,60,54,100,71,177,194,240,138,152,97,100,136,343,	0,2366,2852,5761,6319,11188,11522,15148,16577,17723,21355,24641,25196,25989,34530,35234,	chr5	132719329	132723361	retro_human_4940|AC063976.2-201|processed_pseudogene	0	+	P4HA2	4032
chr5	132712433	132747785	ENSG00000072682[1,33,2]	0	-	132712886	132738504	255	16	521,97,69,60,54,100,71,177,194,240,138,152,97,100,136,118,	0,2366,2852,5761,6319,11188,11522,15148,16577,17723,21355,24641,25196,25989,34530,35234,	chr5	132719329	132723361	retro_human_4940|AC063976.2-201|processed_pseudogene	0	+	P4HA2	4032
chr5	132712433	132747785	ENSG00000072682[1,5,2]	0	-	132712886	132738504	0	16	521,97,69,66,54,100,71,177,194,240,138,152,97,100,525,118,	0,2366,2852,5646,6319,11188,11522,15148,16577,17723,21355,24641,25196,25989,34141,35234,	chr5	132719329	132723361	retro_human_4940|AC063976.2-201|processed_pseudogene	0	+	P4HA2	4032
chr5	132712433	132747190	ENSG00000072682[6,22,2]	0	-	132712886	132738504	0	15	521,97,69,66,54,100,71,177,194,240,138,152,97,100,616,	0,2366,2852,5646,6319,11188,11522,15148,16577,17723,21355,24641,25196,25989,34141,	chr5	132719329	132723361	retro_human_4940|AC063976.2-201|processed_pseudogene	0	+	P4HA2	4032
chr5	132712433	132747785	ENSG00000072682[1,23,2]	0	-	132712886	132738504	0	15	521,97,69,60,54,100,71,177,194,240,138,152,97,100,1211,	0,2366,2852,5761,6319,11188,11522,15148,16577,17723,21355,24641,25196,25989,34141,	chr5	132719329	132723361	retro_human_4940|AC063976.2-201|processed_pseudogene	0	+	P4HA2	4032
chr5	132712433	132747190	ENSG00000072682[6,23,2]	0	-	132712886	132738504	0	15	521,97,69,60,54,100,71,177,194,240,138,152,97,100,616,	0,2366,2852,5761,6319,11188,11522,15148,16577,17723,21355,24641,25196,25989,34141,	chr5	132719329	132723361	retro_human_4940|AC063976.2-201|processed_pseudogene	0	+	P4HA2	4032
chr5	132712433	132747785	ENSG00000072682[1,3,2]	0	-	132712886	132738504	0	16	521,97,69,60,54,100,71,177,194,240,138,152,97,100,173,118,	0,2366,2852,5761,6319,11188,11522,15148,16577,17723,21355,24641,25196,25989,34530,35234,	chr5	132719329	132723361	retro_human_4940|AC063976.2-201|processed_pseudogene	0	+	P4HA2	4032
chr5	132712433	132747785	ENSG00000072682[1,1,2]	0	-	132712886	132738504	0	15	521,97,69,60,54,100,71,177,194,240,138,152,97,100,118,	0,2366,2852,5761,6319,11188,11522,15148,16577,17723,21355,24641,25196,25989,35234,	chr5	132719329	132723361	retro_human_4940|AC063976.2-201|processed_pseudogene	0	+	P4HA2	4032
chr5	132712433	132748010	ENSG00000072682[12,1,2]	0	-	132712886	132738504	0	15	521,97,69,60,54,100,71,177,194,240,138,152,97,100,343,	0,2366,2852,5761,6319,11188,11522,15148,16577,17723,21355,24641,25196,25989,35234,	chr5	132719329	132723361	retro_human_4940|AC063976.2-201|processed_pseudogene	0	+	P4HA2	4032
chr5	132712433	132747785	ENSG00000072682[1,6,2]	0	-	132712886	132738504	0	16	521,97,69,66,54,100,71,177,194,240,138,152,97,100,136,118,	0,2366,2852,5646,6319,11188,11522,15148,16577,17723,21355,24641,25196,25989,34530,35234,	chr5	132719329	132723361	retro_human_4940|AC063976.2-201|processed_pseudogene	0	+	P4HA2	4032
chr5	180079773	180080163	ENSG00000253520[1,1,1]	0	-	180079773	180079773	0	1	390,	0,	chr5	180079823	180080113	retro_human_10576|AC136628.3-201|processed_pseudogene	0	-	LOC100502572	290
chr6	7807125	7808118	ENSG00000217746[1,1,1]	0	-	7807436	7807634	0	1	993,	0,	chr6	7807175	7808068	AL096800.1-201|processed_pseudogene	0	-	BLOC1S5-TXNDC5	893
chr6	37827528	37828110	ENSG00000218521[1,1,1]	0	-	37827528	37827528	0	1	582,	0,	chr6	37827578	37828060	AL589655.1-201|processed_pseudogene	0	-	ZFAND3	482
chr6	42785441	42785961	ENSG00000181524[1,1,1]	0	-	42785441	42785441	0	1	520,	0,	chr6	42785491	42785911	retro_human_8344|RPL24P4-201|processed_pseudogene	0	-	CNPY3-GNMT	420
chr6	80758238	80758705	ENSG00000261970[1,1,1]	0	+	80758238	80758238	0	1	467,	0,	chr6	80758288	80758655	AL391840.2-201|processed_pseudogene	0	+	SH3BGRL2	367
chr6	84615571	84616665	ENSG00000219951[1,1,1]	0	+	84615571	84615571	0	1	1094,	0,	chr6	84615621	84616615	retro_human_3753|AL391416.1-201|processed_pseudogene	0	+	ME1	994
chr6	108371183	108371557	ENSG00000276620[1,1,1]	0	+	108371183	108371183	0	1	374,	0,	chr6	108371233	108371507	AL591516.1-201|processed_pseudogene	0	+	PDSS2	274
chr6	109429282	109429569	ENSG00000233511[1,1,1]	0	+	109429282	109429282	0	1	287,	0,	chr6	109429332	109429519	retro_human_6372|Z98742.2-201|processed_pseudogene	0	+	SNX3	187
chr6	145050691	145051419	ENSG00000270890[1,1,1]	0	-	145050691	145050691	0	1	728,	0,	chr6	145050741	145051369	retro_human_468|AL049844.2-201|processed_pseudogene	0	-	LTV1	628
chr6	145900681	145901174	ENSG00000220739[1,1,1]	0	-	145900681	145900681	0	1	493,	0,	chr6	145900732	145901124	AL513475.2-201|processed_pseudogene	0	-	UTRN	392
chr6	163931450	163932894	ENSG00000227913[1,1,1]	0	+	163931450	163931450	0	1	1444,	0,	chr6	163931500	163932844	retro_human_4789|KRT8P44-201|processed_pseudogene	0	+	PRKN	1344
chr7	24812274	24812678	ENSG00000271330[1,1,1]	0	-	24812274	24812274	0	1	404,	0,	chr7	24812324	24812628	retro_human_8327|AC005084.1-201|processed_pseudogene	0	-	PALS2	304
chr7	33416694	33417052	ENSG00000224946[1,1,1]	0	-	33416694	33416694	0	1	358,	0,	chr7	33416744	33417002	AC007312.1-201|processed_pseudogene	0	-	BBS9	258
chr7	67968465	67968805	ENSG00000271064[1,1,1]	0	-	67968465	67968465	0	1	340,	0,	chr7	67968515	67968755	AC027644.2-201|processed_pseudogene	0	-	RABGEF1	240
chr7	81913565	81913920	ENSG00000229436[1,1,1]	0	-	81913565	81913565	0	1	355,	0,	chr7	81913615	81913870	AC073850.1-201|processed_pseudogene	0	-	CD36	255
chr7	99100181	99100404	ENSG00000226744[1,1,1]	0	+	99100181	99100181	0	1	223,	0,	chr7	99100231	99100354	AC005326.1-201|processed_pseudogene	0	+	CZ1P-ASNS,ASNS	123
chr7	106141374	106141935	ENSG00000237606[1,1,1]	0	+	106141768	106141882	0	1	561,	0,	chr7	106141424	106141885	retro_human_4241|AC091286.1-201|processed_pseudogene	0	+	LHFPL3	461
chr7	126617835	126618310	ENSG00000213291[1,1,1]	0	-	126617835	126617835	0	1	475,	0,	chr7	126617885	126618260	retro_human_3484|AC010099.1-201|processed_pseudogene	0	-	LOC101928283	375
chr7	128180509	128182375	ENSG00000224981[1,1,1]	0	-	128181210	128181399	0	1	1866,	0,	chr7	128180559	128182325	AC000367.1-201|processed_pseudogene	0	-	GRM8	1766
chr7	138823016	138823191	ENSG00000279483[1,1,1]	0	+	138823016	138823016	0	1	175,	0,	chr7	138823066	138823141	AC090498.1-201|processed_pseudogene	0	+	DGKI	75
chr8	12904516	12904791	ENSG00000255253[1,1,1]	0	+	12904516	12904516	0	1	275,	0,	chr8	12904566	12904741	AC068587.3-201|processed_pseudogene	0	+	LOC729732	175
chr8	14956187	14956525	ENSG00000255365[1,1,1]	0	+	14956187	14956187	0	1	338,	0,	chr8	14956237	14956475	retro_human_6358|AC040926.1-201|processed_pseudogene	0	+	SGCZ	238
chr8	18654575	18655345	ENSG00000271654[1,1,1]	0	-	18654575	18654575	0	1	770,	0,	chr8	18654625	18655295	AC025062.2-201|processed_pseudogene	0	-	NAT2	670
chr8	18654735	18655891	ENSG00000285624[2,2,1]	0	+	18654735	18654735	0	2	139,309,	0,847,	chr8	18654625	18655295	AC025062.2-201|processed_pseudogene	0	-	NAT2	560
chr8	42754880	42755400	ENSG00000254131[1,1,1]	0	+	42754880	42754880	0	1	520,	0,	chr8	42754930	42755350	AC093367.1-201|processed_pseudogene	0	+	SLC20A2	420
chr8	68603421	68603975	ENSG00000254051[1,1,1]	0	+	68603556	68603730	0	1	554,	0,	chr8	68603471	68603925	retro_human_7961|AC011853.1-201|processed_pseudogene	0	+	PREX2	454
chr8	73941146	73941623	ENSG00000254273[1,1,1]	0	-	73941357	73941615	0	1	477,	0,	chr8	73941194	73941573	AC018620.1-201|processed_pseudogene	0	-	STAU2	379
chr8	74020435	74020845	ENSG00000253383[1,1,1]	0	+	74020435	74020435	0	1	410,	0,	chr8	74020485	74020795	retro_human_9606|AC100784.1-201|processed_pseudogene	0	+	STAU2	310
chr8	94354399	94354757	ENSG00000268080[1,1,1]	0	+	94354399	94354399	0	1	358,	0,	chr8	94354449	94354707	AC016885.3-201|processed_pseudogene	0	+	LOC105375643	258
chr8	96528691	96528884	ENSG00000253945[1,1,1]	0	+	96528691	96528691	0	1	193,	0,	chr8	96528741	96528834	AC024995.1-201|processed_pseudogene	0	+	CFAP418-AS1	93
chr8	98913647	98913895	ENSG00000270682[1,1,1]	0	-	98913647	98913647	0	1	248,	0,	chr8	98913697	98913845	retro_human_665|AP003357.1-201|processed_pseudogene	0	-	LAPTM4B	148
chr8	100929067	100929350	ENSG00000253912[1,1,1]	0	-	100929067	100929067	0	1	283,	0,	chr8	100929117	100929300	AC018442.3-201|processed_pseudogene	0	-	VPS13B	183
chr8	103543839	103544914	ENSG00000253923[1,1,1]	0	+	103543839	103543839	0	1	1075,	0,	chr8	103543889	103544864	AP002981.1-201|processed_pseudogene	0	+	LOC105375683	975
chr8	128419391	128419699	ENSG00000271509[1,1,1]	0	+	128419391	128419391	0	1	308,	0,	chr8	128419441	128419649	retro_human_5754|AC018714.1-201|processed_pseudogene	0	+	CASC8,CASC21	208
chr8	134639311	134639651	ENSG00000283176[1,1,1]	0	+	134639311	134639311	0	1	340,	0,	chr8	134639361	134639601	AC103706.2-201|processed_pseudogene	0	+	ST3GAL1	240
chr9	21407	25077	ENSG00000227518[1,1,1]	0	+	21407	21407	0	2	3176,184,	0,3486,	chr9	22959	23370	WASH5P-204|transcribed_processed_pseudogene	0	-	WASHC1	411
chr9	6281643	6282078	ENSG00000228132[1,1,1]	0	+	6281643	6281643	0	1	435,	0,	chr9	6281693	6282028	retro_human_2385|AL360221.1-201|processed_pseudogene	0	+	LOC107987046	335
chr9	37514078	37514651	ENSG00000230188[1,1,1]	0	-	37514078	37514078	0	1	573,	0,	chr9	37514128	37514601	retro_human_10230|AL158156.1-201|processed_pseudogene	0	-	POLR1E	473
chr9	39172417	39173766	ENSG00000271454[1,1,1]	0	+	39172417	39172417	0	1	1349,	0,	chr9	39172467	39173716	retro_human_9856|AL353729.2-201|processed_pseudogene	0	+	CNTNAP3	1249
chr9	39187143	39187963	ENSG00000243695[1,1,1]	0	-	39187619	39187775	0	1	820,	0,	chr9	39187193	39187913	AL353729.1-201|processed_pseudogene	0	-	CNTNAP3	720
chr9	43250766	43251083	ENSG00000274688[1,1,1]	0	-	43250766	43250766	0	1	317,	0,	chr9	43250816	43251033	AL591926.1-201|processed_pseudogene	0	-	LOC124906847	217
chr9	43250766	43251083	ENSG00000274688[1,1,1]	0	-	43250766	43250766	0	1	317,	0,	chr9	43251018	43251437	AL591926.4-201|processed_pseudogene	0	+	LOC124906847	65
chr9	100545414	100545985	ENSG00000275017[1,1,1]	0	-	100545414	100545414	0	1	571,	0,	chr9	100545464	100545935	retro_human_6585|AL353748.2-201|processed_pseudogene	0	-	SPIN1	471
chrX	28961016	28961961	ENSG00000227393[1,1,1]	0	-	28961016	28961016	0	1	945,	0,	chrX	28961066	28961911	AL031575.1-201|processed_pseudogene	0	-	IL1RAPL1	845
chrX	52349633	52350229	ENSG00000270497[1,1,1]	0	-	52349633	52349633	0	1	596,	0,	chrX	52349683	52350179	retro_human_10587|BX322635.1-201|processed_pseudogene	0	-	GPR173	496
chr10	7834318	7834758	ENSG00000233990[1,1,1]	0	-	7834318	7834318	0	1	440,	0,	chr10	7834368	7834708	retro_human_7873|AL353754.1-201|processed_pseudogene	0	-	TAF3	340
chr10	64216834	64217294	ENSG00000270421[1,1,1]	0	+	64216834	64216834	0	1	460,	0,	chr10	64216884	64217244	AC022022.2-201|processed_pseudogene	0	+	JMJD1C	360
chr11	18609042	18609575	ENSG00000256361[1,1,1]	0	-	18609042	18609042	0	1	533,	0,	chr11	18609092	18609525	retro_human_8588|AC027544.1-201|processed_pseudogene	0	-	TSG101	433
chr11	24832217	24832618	ENSG00000255489[1,1,1]	0	+	24832217	24832217	0	1	401,	0,	chr11	24832267	24832568	retro_human_138|AC115990.1-201|processed_pseudogene	0	+	LUZP2	301
chr11	35512526	35512836	ENSG00000215380[1,1,1]	0	+	35512526	35512526	0	1	310,	0,	chr11	35512576	35512786	retro_human_11030|AC090625.1-201|processed_pseudogene	0	+	SLC1A2	210
chr11	47961061	47961373	ENSG00000271543[1,1,1]	0	+	47961061	47961061	0	1	312,	0,	chr11	47961112	47961323	AC021443.1-201|processed_pseudogene	0	+	NUP160	211
chr11	63687888	63688157	ENSG00000271100[1,1,1]	0	-	63687888	63687888	0	1	269,	0,	chr11	63687938	63688107	AP000753.3-201|processed_pseudogene	0	-	RTN3	169
chr11	67187537	67188891	ENSG00000179038[2,1,2]	0	-	67187537	67187537	0	1	1354,	0,	chr11	67187243	67187801	AP001885.1-201|transcribed_processed_pseudogene	0	-	KDM2A	264
chr11	67187537	67188891	ENSG00000179038[2,1,2]	0	-	67187537	67187537	0	1	1354,	0,	chr11	67187587	67188842	AP001885.1-202|transcribed_processed_pseudogene	0	-	KDM2A	1255
chr11	73381107	73381532	ENSG00000255786[1,1,1]	0	+	73381107	73381107	0	1	425,	0,	chr11	73381157	73381482	AP000763.1-201|processed_pseudogene	0	+	FAM168A	325
chr11	77848178	77848564	ENSG00000255115[1,1,1]	0	-	77848178	77848178	0	1	386,	0,	chr11	77848228	77848514	AP002812.4-201|processed_pseudogene	0	-	INTS4	286
chr11	93451807	93452244	ENSG00000234106[1,1,1]	0	+	93451807	93451807	0	1	437,	0,	chr11	93451857	93452194	retro_human_5673|SRP14P2-201|processed_pseudogene	0	+	SMCO4	337
chr11	111681054	111682603	ENSG00000235286[1,1,1]	0	-	111681054	111681054	0	1	1549,	0,	chr11	111681104	111682553	retro_human_3196|AP000925.1-201|processed_pseudogene	0	-	SIK2	1449
chr11	112046818	112047155	ENSG00000271025[1,1,1]	0	-	112046818	112046818	0	1	337,	0,	chr11	112046868	112047105	retro_human_9216|AP000907.3-201|processed_pseudogene	0	-	DLAT	237
chr11	119026038	119026346	ENSG00000254909[1,1,1]	0	-	119026038	119026038	0	1	308,	0,	chr11	119026088	119026296	AP003392.2-201|processed_pseudogene	0	-	CENATAC	208
chr11	124817849	124821528	ENSG00000279342[1,1,1]	0	-	124820215	124820491	0	1	3679,	0,	chr11	124819887	124820320	AP000866.3-201|processed_pseudogene	0	+	MSANTD2	433
chr11	124819837	124820370	ENSG00000254509[1,1,1]	0	+	124819837	124819837	0	1	533,	0,	chr11	124819887	124820320	AP000866.3-201|processed_pseudogene	0	+	MSANTD2	433
chr11	126408144	126408365	ENSG00000278215[1,1,1]	0	-	126408144	126408144	0	1	221,	0,	chr11	126408194	126408315	AP001318.3-201|processed_pseudogene	0	-	ST3GAL4	121
chr12	15849098	15849918	ENSG00000256134[1,1,1]	0	-	15849098	15849098	0	1	820,	0,	chr12	15849148	15849868	retro_human_2474|EGLN3P1-201|processed_pseudogene	0	-	DERA	720
chr12	19295635	19295982	ENSG00000271462[1,1,1]	0	-	19295635	19295635	0	1	347,	0,	chr12	19295697	19295932	retro_human_2481|AC091805.2-201|processed_pseudogene	0	-	AEBP2	235
chr12	27480349	27480763	ENSG00000256557[1,1,1]	0	-	27480349	27480349	0	1	414,	0,	chr12	27480399	27480713	AC009509.4-201|processed_pseudogene	0	-	PPFIBP1	314
chr12	32568740	32569185	ENSG00000257643[1,1,1]	0	-	32568740	32568740	0	1	445,	0,	chr12	32568790	32569135	AC084824.2-201|processed_pseudogene	0	-	DNM1L	345
chr12	64011126	64011480	ENSG00000255780[1,1,1]	0	+	64011126	64011126	0	1	354,	0,	chr12	64011176	64011430	AC020611.1-201|processed_pseudogene	0	+	SRGAP1	254
chr12	93295742	93296975	ENSG00000257512[1,1,2]	0	+	93295742	93295742	0	1	1233,	0,	chr12	93295792	93296925	AC124947.2-201|transcribed_processed_pseudogene	0	+	LOC643339	1133
chr12	93295742	93296975	ENSG00000257512[1,1,2]	0	+	93295742	93295742	0	1	1233,	0,	chr12	93296554	93296687	AC124947.2-202|transcribed_processed_pseudogene	0	+	LOC643339	133
chr12	124007336	124007791	ENSG00000256827[1,1,1]	0	-	124007336	124007336	0	1	455,	0,	chr12	124007386	124007741	retro_human_2619|AC068790.1-201|processed_pseudogene	0	-	ZNF664,ZNF664-RFLNA	355
chr12	124385800	124386030	ENSG00000255965[1,1,1]	0	+	124385800	124385800	0	1	230,	0,	chr12	124385850	124385980	AC073916.1-201|processed_pseudogene	0	+	NCOR2	130
chr13	31173217	31176645	ENSG00000073910[6,5,3]	0	+	31176103	31176526	0	1	3428,	0,	chr13	31175673	31176487	retro_human_675	0	+	EEF1DP3	814
chr13	44483695	44484021	ENSG00000270381[1,1,1]	0	+	44483762	44483921	0	1	326,	0,	chr13	44483745	44483971	retro_human_1420|AL138963.2-201|processed_pseudogene	0	+	GTF2F2	226
chr13	97761891	97762529	ENSG00000271437[1,1,1]	0	+	97761891	97761891	0	1	638,	0,	chr13	97761941	97762479	retro_human_8273|AL356423.1-201|processed_pseudogene	0	+	STK24	538
chr13	98081584	98081948	ENSG00000275919[1,1,1]	0	+	98081584	98081584	0	1	364,	0,	chr13	98081634	98081898	AL161420.1-201|processed_pseudogene	0	+	DOCK9	264
chr14	33279524	33279825	ENSG00000259121[1,1,1]	0	+	33279524	33279524	0	1	301,	0,	chr14	33279574	33279775	retro_human_3538|AL109628.1-201|processed_pseudogene	0	+	SEC23A	201
chr14	46324645	46325139	ENSG00000258981[1,1,1]	0	+	46324645	46324645	0	1	494,	0,	chr14	46324695	46325089	retro_human_763|COX5AP2-201|processed_pseudogene	0	+	LINC02319	394
chr14	47079310	47080170	ENSG00000271075[1,1,1]	0	+	47079310	47079310	0	1	860,	0,	chr14	47079360	47080120	retro_human_760|AL139317.4-201|processed_pseudogene	0	+	FERMT2,LOC105370500	760
chr14	52670953	52671219	ENSG00000258650[1,1,1]	0	+	52671088	52671196	0	1	266,	0,	chr14	52671003	52671169	retro_human_8435|HSBP1P1-201|processed_pseudogene	0	+	KIAA0586	166
chr14	65237008	65237393	ENSG00000258930[1,1,1]	0	-	65237008	65237008	0	1	385,	0,	chr14	65237058	65237343	AC005230.1-201|transcribed_processed_pseudogene	0	-	PCNX1	285
chr14	67395204	67395546	ENSG00000259109[1,1,1]	0	+	67395263	67395404	0	1	342,	0,	chr14	67395254	67395496	AC004858.1-201|processed_pseudogene	0	+	PSEN1	242
chr14	96204928	96205266	ENSG00000259013[1,1,1]	0	-	96204928	96204928	0	1	338,	0,	chr14	96204978	96205216	retro_human_671|AL118558.2-201|processed_pseudogene	0	-	DYNC1H1	238
chr15	32200273	32200711	ENSG00000260639[1,1,1]	0	+	32200273	32200273	0	1	438,	0,	chr15	32200323	32200661	AC025678.1-201|processed_pseudogene	0	+	GOLGA8A	338
chr15	49158819	49159012	ENSG00000270378[1,1,1]	0	-	49158819	49158819	0	1	193,	0,	chr15	49158869	49158962	AC020891.4-201|processed_pseudogene	0	-	GLDN	93
chr15	62914905	62915272	ENSG00000259258[1,1,1]	0	+	62914905	62914905	0	1	367,	0,	chr15	62914955	62915222	retro_human_7417|AC013553.1-201|processed_pseudogene	0	+	UBAP1L	267
chr15	63284639	63285036	ENSG00000259232[1,1,1]	0	-	63284692	63284974	0	1	397,	0,	chr15	63284689	63284986	AC105129.1-201|processed_pseudogene	0	-	DPP8	297
chr15	73821135	73821917	ENSG00000260685[1,1,1]	0	-	73821166	73821265	0	1	782,	0,	chr15	73821185	73821866	retro_human_6219|AC027104.1-201|processed_pseudogene	0	-	NRG4	681
chr15	74343219	74343587	ENSG00000261232[1,1,1]	0	+	74343219	74343219	0	1	368,	0,	chr15	74343269	74343537	retro_human_794|AC090751.1-201|processed_pseudogene	0	+	SCAPER	268
chr15	76153048	76153845	ENSG00000259562[1,1,1]	0	-	76153636	76153768	0	1	797,	0,	chr15	76153098	76153795	retro_human_2989|AC090607.2-201|transcribed_processed_pseudogene	0	-	SKIC8	697
chr15	79249410	79249895	ENSG00000284709[1,1,1]	0	+	79249410	79249410	0	1	485,	0,	chr15	79249460	79249845	KF456110.1-201|processed_pseudogene	0	+	TMC3-AS1	385
chr15	83523047	83523321	ENSG00000259195[1,1,1]	0	+	83523047	83523047	0	1	274,	0,	chr15	83523097	83523271	AC021739.1-201|processed_pseudogene	0	+	KLHL25	174
chr15	97101609	97102334	ENSG00000259257[1,1,1]	0	+	97101801	97102191	0	1	725,	0,	chr15	97101659	97102284	retro_human_4583|AC037479.1-201|processed_pseudogene	0	+	LRRC28	625
chr16	1981966	1984850	ENSG00000140988[1,32,1]	0	-	1982216	1984584	255	6	263,164,174,108,90,443,	0,485,728,1141,2268,2441,	chr16	1983703	1984054	retro_human_238|AC005363.1-201|transcribed_processed_pseudogene	0	-	RPS2	351
chr16	1981966	1984640	ENSG00000140988[2,32,1]	0	-	1982216	1984584	255	6	263,164,174,108,90,233,	0,485,728,1141,2268,2441,	chr16	1983703	1984054	retro_human_238|AC005363.1-201|transcribed_processed_pseudogene	0	-	RPS2	351
chr16	1981966	1984850	ENSG00000140988[1,26,1]	0	-	1982634	1984584	255	4	902,108,90,443,	0,1141,2268,2441,	chr16	1983703	1984054	retro_human_238|AC005363.1-201|transcribed_processed_pseudogene	0	-	RPS2	351
chr16	1981966	1984640	ENSG00000140988[2,26,1]	0	-	1982634	1984584	255	4	902,108,90,233,	0,1141,2268,2441,	chr16	1983703	1984054	retro_human_238|AC005363.1-201|transcribed_processed_pseudogene	0	-	RPS2	351
chr16	1981966	1984850	ENSG00000140988[1,29,1]	0	-	1982614	1984584	255	6	263,160,182,108,90,443,	0,489,720,1141,2268,2441,	chr16	1983703	1984054	retro_human_238|AC005363.1-201|transcribed_processed_pseudogene	0	-	RPS2	351
chr16	1981966	1984640	ENSG00000140988[2,29,1]	0	-	1982614	1984584	255	6	263,160,182,108,90,233,	0,489,720,1141,2268,2441,	chr16	1983703	1984054	retro_human_238|AC005363.1-201|transcribed_processed_pseudogene	0	-	RPS2	351
chr16	1981966	1984850	ENSG00000140988[1,27,1]	0	-	1982521	1984584	255	6	263,153,189,108,90,443,	0,489,713,1141,2268,2441,	chr16	1983703	1984054	retro_human_238|AC005363.1-201|transcribed_processed_pseudogene	0	-	RPS2	351
chr16	1981966	1984640	ENSG00000140988[2,27,1]	0	-	1982521	1984584	255	6	263,153,189,108,90,233,	0,489,713,1141,2268,2441,	chr16	1983703	1984054	retro_human_238|AC005363.1-201|transcribed_processed_pseudogene	0	-	RPS2	351
chr16	1981966	1984850	ENSG00000140988[1,30,1]	0	-	1982521	1984584	255	6	263,153,174,108,90,443,	0,489,728,1141,2268,2441,	chr16	1983703	1984054	retro_human_238|AC005363.1-201|transcribed_processed_pseudogene	0	-	RPS2	351
chr16	1981966	1984640	ENSG00000140988[2,30,1]	0	-	1982521	1984584	255	6	263,153,174,108,90,233,	0,489,728,1141,2268,2441,	chr16	1983703	1984054	retro_human_238|AC005363.1-201|transcribed_processed_pseudogene	0	-	RPS2	351
chr16	1981966	1984850	ENSG00000140988[1,28,1]	0	-	1982535	1984584	255	6	263,153,182,108,90,443,	0,489,720,1141,2268,2441,	chr16	1983703	1984054	retro_human_238|AC005363.1-201|transcribed_processed_pseudogene	0	-	RPS2	351
chr16	1981966	1984640	ENSG00000140988[2,28,1]	0	-	1982535	1984584	255	6	263,153,182,108,90,233,	0,489,720,1141,2268,2441,	chr16	1983703	1984054	retro_human_238|AC005363.1-201|transcribed_processed_pseudogene	0	-	RPS2	351
chr16	1981966	1984850	ENSG00000140988[1,22,1]	0	-	1982634	1984321	255	4	263,413,108,616,	0,489,1141,2268,	chr16	1983703	1984054	retro_human_238|AC005363.1-201|transcribed_processed_pseudogene	0	-	RPS2	351
chr16	1981966	1984640	ENSG00000140988[2,22,1]	0	-	1982634	1984321	255	4	263,413,108,406,	0,489,1141,2268,	chr16	1983703	1984054	retro_human_238|AC005363.1-201|transcribed_processed_pseudogene	0	-	RPS2	351
chr16	1981966	1984850	ENSG00000140988[1,50,1]	0	-	1982521	1984584	255	7	263,153,174,108,90,180,85,	0,489,728,1141,2268,2441,2799,	chr16	1983703	1984054	retro_human_238|AC005363.1-201|transcribed_processed_pseudogene	0	-	RPS2	351
chr16	1981966	1984850	ENSG00000140988[1,21,1]	0	-	1982059	1982522	255	3	263,760,616,	0,489,2268,	chr16	1983703	1984054	retro_human_238|AC005363.1-201|transcribed_processed_pseudogene	0	-	RPS2	351
chr16	1981966	1984850	ENSG00000140988[1,31,1]	0	-	1982432	1984584	255	5	649,174,108,90,443,	0,728,1141,2268,2441,	chr16	1983703	1984054	retro_human_238|AC005363.1-201|transcribed_processed_pseudogene	0	-	RPS2	351
chr16	1981966	1984640	ENSG00000140988[2,31,1]	0	-	1982432	1984584	255	5	649,174,108,90,233,	0,728,1141,2268,2441,	chr16	1983703	1984054	retro_human_238|AC005363.1-201|transcribed_processed_pseudogene	0	-	RPS2	351
chr16	1981966	1984640	ENSG00000140988[2,24,1]	0	-	1982059	1984321	255	6	263,160,174,108,90,237,	0,489,728,1141,2268,2437,	chr16	1983703	1984054	retro_human_238|AC005363.1-201|transcribed_processed_pseudogene	0	-	RPS2	351
chr16	1981966	1984850	ENSG00000140988[1,24,1]	0	-	1982059	1984321	255	6	263,160,174,108,90,447,	0,489,728,1141,2268,2437,	chr16	1983703	1984054	retro_human_238|AC005363.1-201|transcribed_processed_pseudogene	0	-	RPS2	351
chr16	1981966	1984850	ENSG00000140988[1,25,1]	0	-	1982059	1984584	255	5	263,160,174,108,443,	0,489,728,1141,2441,	chr16	1983703	1984054	retro_human_238|AC005363.1-201|transcribed_processed_pseudogene	0	-	RPS2	351
chr16	1981966	1984640	ENSG00000140988[2,25,1]	0	-	1982059	1984584	255	5	263,160,174,108,233,	0,489,728,1141,2441,	chr16	1983703	1984054	retro_human_238|AC005363.1-201|transcribed_processed_pseudogene	0	-	RPS2	351
chr16	1981966	1984850	ENSG00000140988[1,23,1]	0	-	1982059	1984321	255	5	263,160,174,108,616,	0,489,728,1141,2268,	chr16	1983703	1984054	retro_human_238|AC005363.1-201|transcribed_processed_pseudogene	0	-	RPS2	351
chr16	1981966	1984640	ENSG00000140988[2,23,1]	0	-	1982059	1984321	255	5	263,160,174,108,406,	0,489,728,1141,2268,	chr16	1983703	1984054	retro_human_238|AC005363.1-201|transcribed_processed_pseudogene	0	-	RPS2	351
chr16	1981966	1984850	ENSG00000140988[1,33,1]	0	-	1982216	1984584	255	6	258,160,174,108,90,443,	0,489,728,1141,2268,2441,	chr16	1983703	1984054	retro_human_238|AC005363.1-201|transcribed_processed_pseudogene	0	-	RPS2	351
chr16	1981966	1984640	ENSG00000140988[2,33,1]	0	-	1982216	1984584	255	6	258,160,174,108,90,233,	0,489,728,1141,2268,2441,	chr16	1983703	1984054	retro_human_238|AC005363.1-201|transcribed_processed_pseudogene	0	-	RPS2	351
chr16	1981966	1984850	ENSG00000140988[1,18,1]	0	-	1982059	1982522	255	2	263,2395,	0,489,	chr16	1983703	1984054	retro_human_238|AC005363.1-201|transcribed_processed_pseudogene	0	-	RPS2	351
chr16	1981966	1984850	ENSG00000140988[1,20,1]	0	-	1982059	1983269	255	4	263,160,174,1743,	0,489,728,1141,	chr16	1983703	1984054	retro_human_238|AC005363.1-201|transcribed_processed_pseudogene	0	-	RPS2	351
chr16	1981966	1984850	ENSG00000140988[1,45,1]	0	-	1982634	1984584	255	6	263,413,108,90,180,85,	0,489,1141,2268,2441,2799,	chr16	1983703	1984054	retro_human_238|AC005363.1-201|transcribed_processed_pseudogene	0	-	RPS2	351
chr16	1981966	1984850	ENSG00000140988[1,35,1]	0	-	1982059	1984321	255	6	263,160,174,108,90,85,	0,489,728,1141,2268,2799,	chr16	1983703	1984054	retro_human_238|AC005363.1-201|transcribed_processed_pseudogene	0	-	RPS2	351
chr16	1981966	1984850	ENSG00000140988[1,19,1]	0	-	1982059	1982976	255	3	263,160,2156,	0,489,728,	chr16	1983703	1984054	retro_human_238|AC005363.1-201|transcribed_processed_pseudogene	0	-	RPS2	351
chr16	1981966	1984850	ENSG00000140988[1,34,1]	0	-	1982059	1984584	255	6	263,160,174,108,90,443,	0,489,728,1141,2268,2441,	chr16	1983703	1984054	retro_human_238|AC005363.1-201|transcribed_processed_pseudogene	0	-	RPS2	351
chr16	1981966	1984640	ENSG00000140988[2,34,1]	0	-	1982059	1984584	255	6	263,160,174,108,90,233,	0,489,728,1141,2268,2441,	chr16	1983703	1984054	retro_human_238|AC005363.1-201|transcribed_processed_pseudogene	0	-	RPS2	351
chr16	1981966	1984850	ENSG00000140988[1,8,1]	0	-	1982634	1984321	0	3	902,108,616,	0,1141,2268,	chr16	1983703	1984054	retro_human_238|AC005363.1-201|transcribed_processed_pseudogene	0	-	RPS2	351
chr16	1981966	1984850	ENSG00000140988[1,12,1]	0	-	1982059	1982976	0	5	263,160,521,90,443,	0,489,728,2268,2441,	chr16	1983703	1984054	retro_human_238|AC005363.1-201|transcribed_processed_pseudogene	0	-	RPS2	351
chr16	1981966	1984640	ENSG00000140988[2,12,1]	0	-	1982059	1982976	0	5	263,160,521,90,233,	0,489,728,2268,2441,	chr16	1983703	1984054	retro_human_238|AC005363.1-201|transcribed_processed_pseudogene	0	-	RPS2	351
chr16	1981966	1984376	ENSG00000140988[4,6,1]	0	-	1982059	1984321	0	4	263,160,174,142,	0,489,728,2268,	chr16	1983703	1984054	retro_human_238|AC005363.1-201|transcribed_processed_pseudogene	0	-	RPS2	351
chr16	1981966	1984640	ENSG00000140988[2,14,1]	0	-	1982634	1984584	0	5	263,413,108,90,233,	0,489,1141,2268,2441,	chr16	1983703	1984054	retro_human_238|AC005363.1-201|transcribed_processed_pseudogene	0	-	RPS2	351
chr16	1981966	1984850	ENSG00000140988[1,14,1]	0	-	1982634	1984584	0	5	263,413,108,90,443,	0,489,1141,2268,2441,	chr16	1983703	1984054	retro_human_238|AC005363.1-201|transcribed_processed_pseudogene	0	-	RPS2	351
chr16	1981966	1984850	ENSG00000140988[1,4,1]	0	-	1982187	1984584	0	5	263,174,108,90,443,	0,728,1141,2268,2441,	chr16	1983703	1984054	retro_human_238|AC005363.1-201|transcribed_processed_pseudogene	0	-	RPS2	351
chr16	1981966	1984640	ENSG00000140988[2,4,1]	0	-	1982187	1984584	0	5	263,174,108,90,233,	0,728,1141,2268,2441,	chr16	1983703	1984054	retro_human_238|AC005363.1-201|transcribed_processed_pseudogene	0	-	RPS2	351
chr16	1981966	1984850	ENSG00000140988[1,11,1]	0	-	1982948	1984584	0	4	263,760,90,443,	0,489,2268,2441,	chr16	1983703	1984054	retro_human_238|AC005363.1-201|transcribed_processed_pseudogene	0	-	RPS2	351
chr16	1981966	1984640	ENSG00000140988[2,11,1]	0	-	1982948	1984584	0	4	263,760,90,233,	0,489,2268,2441,	chr16	1983703	1984054	retro_human_238|AC005363.1-201|transcribed_processed_pseudogene	0	-	RPS2	351
chr16	1981966	1984850	ENSG00000140988[1,7,1]	0	-	1982948	1984321	0	2	1249,616,	0,2268,	chr16	1983703	1984054	retro_human_238|AC005363.1-201|transcribed_processed_pseudogene	0	-	RPS2	351
chr16	1981966	1984640	ENSG00000140988[2,7,1]	0	-	1982948	1984321	0	2	1249,406,	0,2268,	chr16	1983703	1984054	retro_human_238|AC005363.1-201|transcribed_processed_pseudogene	0	-	RPS2	351
chr16	1981966	1984850	ENSG00000140988[1,5,1]	0	-	1982432	1983269	0	3	649,174,1743,	0,728,1141,	chr16	1983703	1984054	retro_human_238|AC005363.1-201|transcribed_processed_pseudogene	0	-	RPS2	351
chr16	1981966	1984640	ENSG00000140988[2,3,1]	0	-	1982059	1984584	0	5	263,160,108,90,233,	0,489,1141,2268,2441,	chr16	1983703	1984054	retro_human_238|AC005363.1-201|transcribed_processed_pseudogene	0	-	RPS2	351
chr16	1981966	1984850	ENSG00000140988[1,3,1]	0	-	1982059	1984584	0	5	263,160,108,90,443,	0,489,1141,2268,2441,	chr16	1983703	1984054	retro_human_238|AC005363.1-201|transcribed_processed_pseudogene	0	-	RPS2	351
chr16	1981966	1984850	ENSG00000140988[1,1,1]	0	-	1982059	1984584	0	7	263,160,174,108,90,180,85,	0,489,728,1141,2268,2441,2799,	chr16	1983703	1984054	retro_human_238|AC005363.1-201|transcribed_processed_pseudogene	0	-	RPS2	351
chr16	1982858	1984850	ENSG00000140988[1,7,4]	0	-	1982948	1984321	0	2	357,616,	0,1376,	chr16	1983703	1984054	retro_human_238|AC005363.1-201|transcribed_processed_pseudogene	0	-	RPS2	351
chr16	1983653	1984104	ENSG00000255513[1,1,1]	0	-	1983653	1983653	0	1	451,	0,	chr16	1983703	1984054	retro_human_238|AC005363.1-201|transcribed_processed_pseudogene	0	-	RPS2	351
chr16	4462352	4462638	ENSG00000275515[1,1,1]	0	-	4462352	4462352	0	1	286,	0,	chr16	4462402	4462588	AC012676.2-201|processed_pseudogene	0	-	DNAJA3	186
chr16	14860725	14861195	ENSG00000270734[1,1,1]	0	-	14860725	14860725	0	1	470,	0,	chr16	14860775	14861145	retro_human_6067|AC136443.5-201|processed_pseudogene	0	-	NOMO1	370
chr16	18464548	18465048	ENSG00000262974[1,1,1]	0	+	18464548	18464548	0	1	500,	0,	chr16	18464598	18464998	retro_human_11222|AC136618.2-201|processed_pseudogene	0	+	NOMO2	400
chr16	55562099	55562434	ENSG00000259978[1,1,1]	0	+	55562099	55562099	0	1	335,	0,	chr16	55562149	55562384	MRPS21P8-201|processed_pseudogene	0	+	ZNF423	235
chr16	73651678	73651935	ENSG00000262141[1,1,1]	0	-	73651678	73651678	0	1	257,	0,	chr16	73651728	73651885	AC040162.2-201|processed_pseudogene	0	-	NUTF2	157
chr16	74482580	74482952	ENSG00000261395[1,1,1]	0	+	74482610	74482745	0	1	372,	0,	chr16	74482630	74482902	retro_human_6093|HSPE1P5-201|transcribed_processed_pseudogene	0	+	CDH3	272
chr16	96258833	96260323	ENSG00000260528[6,9,11]	0	+	96258833	96258833	255	1	1490,	0,	chr16	96258844	96259174	AC018638.1-1|processed_pseudogene	0	-	FAM157C	330
chr16	96258833	96260323	ENSG00000260528[6,9,11]	0	+	96258833	96258833	255	1	1490,	0,	chr16	96259151	96259906	AL627309.6-201|processed_pseudogene	0	+	FAM157C	755
chr16	96259016	96260323	ENSG00000260528[7,9,11]	0	+	96259016	96259016	255	1	1307,	0,	chr16	96258844	96259174	AC018638.1-1|processed_pseudogene	0	-	FAM157C	158
chr16	96259016	96260323	ENSG00000260528[7,9,11]	0	+	96259016	96259016	255	1	1307,	0,	chr16	96259151	96259906	AL627309.6-201|processed_pseudogene	0	+	FAM157C	755
chr16	96259543	96260323	ENSG00000260528[8,9,11]	0	+	96259543	96259543	255	1	780,	0,	chr16	96259151	96259906	AL627309.6-201|processed_pseudogene	0	+	FAM157C	363
chr17	845375	845808	ENSG00000263017[1,1,1]	0	+	845375	845375	0	1	433,	0,	chr17	845425	845758	retro_human_5156|AC036164.1-201|processed_pseudogene	0	+	NXN	333
chr17	32970295	32970510	ENSG00000264497[1,1,1]	0	-	32970295	32970295	0	1	215,	0,	chr17	32970345	32970460	AC090616.4-201|processed_pseudogene	0	-	LRRC37B	115
chr17	49744812	49745107	ENSG00000248895[1,1,1]	0	+	49744812	49744812	0	1	295,	0,	chr17	49744862	49745057	AC068531.2-201|processed_pseudogene	0	+	LOC105371814	195
chr17	49900427	49900835	ENSG00000251550[1,1,1]	0	+	49900537	49900819	0	1	408,	0,	chr17	49900477	49900785	retro_human_9848|AC091133.5-201|processed_pseudogene	0	+	IGF2BP1	308
chr17	75951871	75952101	ENSG00000270993[1,1,1]	0	-	75951871	75951871	0	1	230,	0,	chr17	75951921	75952051	AC111186.1-201|processed_pseudogene	0	-	KCTD2	130
chr18	10888702	10890710	ENSG00000264714[2,1,2]	0	+	10888702	10888702	0	1	2008,	0,	chr18	10888752	10890660	KIAA0895LP1-201|transcribed_processed_pseudogene	0	+	PIEZO2	1908
chr18	71810127	71810575	ENSG00000264388[1,1,1]	0	+	71810127	71810127	0	1	448,	0,	chr18	71810177	71810525	AC090312.1-201|processed_pseudogene	0	+	LOC107985179	348
chr19	1986171	1987200	ENSG00000275468[1,1,1]	0	-	1986525	1986930	0	1	1029,	0,	chr19	1986221	1987150	AC004678.1-201|processed_pseudogene	0	-	BTBD2	929
chr19	14754857	14755160	ENSG00000275432[1,1,1]	0	+	14754857	14754857	0	1	303,	0,	chr19	14754907	14755110	AC022149.2-201|processed_pseudogene	0	+	ADGRE3	203
chr19	19906382	19906741	ENSG00000267693[1,1,1]	0	+	19906382	19906382	0	1	359,	0,	chr19	19906432	19906691	AC011477.4-201|processed_pseudogene	0	+	LINC00663	259
chr19	20553974	20554630	ENSG00000268174[1,1,1]	0	+	20553974	20553974	0	1	656,	0,	chr19	20554024	20554580	retro_human_6508|BNIP3P22-201|processed_pseudogene	0	+	LOC124904663,ZNF826P	556
chr19	30437980	30438279	ENSG00000267768[1,1,1]	0	-	30437980	30437980	0	1	299,	0,	chr19	30438030	30438229	AC006504.6-201|processed_pseudogene	0	-	LINC02987	199
chr19	35154786	35155284	ENSG00000242325[1,1,1]	0	+	35154786	35154786	0	1	498,	0,	chr19	35154836	35155234	retro_human_9|RPS12P31-201|processed_pseudogene	0	+	ANKRD27	398
chr19	35570155	35570442	ENSG00000267611[1,1,1]	0	+	35570155	35570155	0	1	287,	0,	chr19	35570205	35570392	AC008521.1-201|processed_pseudogene	0	+	RHPN2	187
chr19	57540057	57540375	ENSG00000235681[1,1,1]	0	+	57540057	57540057	0	1	318,	0,	chr19	57540107	57540325	retro_human_4156|AC245884.3-201|processed_pseudogene	0	+	LENG8-AS1	218
chr19	59888081	59888383	ENSG00000268407[1,1,1]	0	-	59888095	59888260	0	1	302,	0,	chr19	59888131	59888333	retro_human_1123|AC006115.1-201|processed_pseudogene	0	-	ZIM2-AS1,ZIM2	202
chr20	48898887	48899850	ENSG00000215450[1,1,1]	0	-	48898887	48898887	0	1	963,	0,	chr20	48898937	48899800	retro_human_10904|AL022342.1-201|processed_pseudogene	0	-	EYA2	863
chr21	5712387	5712691	ENSG00000279381[1,1,1]	0	+	5712387	5712387	0	1	304,	0,	chr21	5712437	5712641	CR392039.2-201|processed_pseudogene	0	+	TEKT4P2	204
chr22	18752929	18753239	ENSG00000236890[1,1,1]	0	-	18752929	18752929	0	1	310,	0,	chr22	18752979	18753189	AC016027.5-201|processed_pseudogene	0	-	PEX26	210
chr22	19372482	19373040	ENSG00000271275[1,1,1]	0	-	19372482	19372482	0	1	558,	0,	chr22	19372532	19372990	AC007326.1-201|processed_pseudogene	0	-	DGCR5	458
chr22	32002927	32003265	ENSG00000229169[1,1,1]	0	-	32002927	32002927	0	1	338,	0,	chr22	32002977	32003215	retro_human_3955|AL096701.2-201|processed_pseudogene	0	-	SFI1	238
