chr1	1789620	1790392	ENSG00000269896[3,1,1]	0	-	1790162	1790348	0	1	772,	0,	chr1	1789670	1792078	AL513477.1-201|transcribed_processed_pseudogene	0	-	MORN1	722
chr1	1789620	1792128	ENSG00000269896[2,1,1]	0	-	1790613	1791237	0	1	2508,	0,	chr1	1789670	1792078	AL513477.1-201|transcribed_processed_pseudogene	0	-	MORN1	2408
chr1	1790062	1790392	ENSG00000269896[3,1,3]	0	-	1790162	1790348	0	1	330,	0,	chr1	1789670	1792078	AL513477.1-201|transcribed_processed_pseudogene	0	-	MORN1	330
chr1	1790851	1791165	ENSG00000269896[1,1,2]	0	-	1790851	1790851	0	1	314,	0,	chr1	1789670	1792078	AL513477.1-201|transcribed_processed_pseudogene	0	-	MORN1	314
chr1	1790851	1791165	ENSG00000269896[1,1,2]	0	-	1790851	1790851	0	1	314,	0,	chr1	1790901	1791115	AL513477.1-202|transcribed_processed_pseudogene	0	-	MORN1	214
chr1	8283833	8284591	ENSG00000234619[1,1,1]	0	+	8283833	8283833	0	1	758,	0,	chr1	8283883	8284541	retro_human_7188|RPL7P11-201|processed_pseudogene	0	+	RERE	658
chr1	9597448	9597885	ENSG00000224340[1,1,1]	0	-	9597448	9597448	0	1	437,	0,	chr1	9597498	9597835	AL590639.1-201|processed_pseudogene	0	-	UBE4B,MSTRG.41	337
chr1	15410868	15411531	ENSG00000234607[1,1,1]	0	+	15410868	15410868	0	1	663,	0,	chr1	15410918	15411481	AL355994.4-201|processed_pseudogene	0	+	ZBTB17	563
chr1	22965968	22966886	ENSG00000229010[1,1,1]	0	+	22965968	22965968	0	1	918,	0,	chr1	22966018	22966836	AL161672.1-201|processed_pseudogene	0	+	LUZP1	818
chr1	26100466	26100924	ENSG00000270733[1,1,1]	0	-	26100466	26100466	0	1	458,	0,	chr1	26100516	26100874	retro_human_5481|AL355877.1-201|processed_pseudogene	0	-	CEP85	358
chr1	30888816	30889423	ENSG00000237329[1,1,1]	0	+	30888816	30888816	0	1	607,	0,	chr1	30888866	30889373	retro_human_10755|AL356320.2-201|processed_pseudogene	0	+	PUM1	507
chr1	31115413	31115950	ENSG00000229447[1,1,1]	0	-	31115413	31115413	0	1	537,	0,	chr1	31115463	31115900	retro_human_11003|AC114495.2-201|processed_pseudogene	0	-	SNRNP40	437
chr1	35736110	35736693	ENSG00000271164[1,1,1]	0	-	35736110	35736110	0	1	583,	0,	chr1	35736160	35736643	retro_human_9728|CFAP97P1-201|processed_pseudogene	0	-	AGO1	483
chr1	36104727	36105086	ENSG00000231849[1,1,1]	0	-	36104727	36104727	0	1	359,	0,	chr1	36104777	36105036	retro_human_9732|UBE2V2P4-201|processed_pseudogene	0	-	THRAP3	259
chr1	38251020	38251704	ENSG00000275350[1,1,1]	0	-	38251020	38251020	0	1	684,	0,	chr1	38251070	38251654	AL513479.1-201|processed_pseudogene	0	-	LOC105378657	584
chr1	43614221	43614592	ENSG00000233674[1,1,1]	0	+	43614433	43614577	0	1	371,	0,	chr1	43614271	43614542	retro_human_10715|AL451062.2-201|processed_pseudogene	0	+	ST3GAL3,AL451062.3	271
chr1	45286521	45286946	ENSG00000236872[1,1,1]	0	+	45286521	45286521	0	1	425,	0,	chr1	45286571	45286896	retro_human_5067|PPIAP36-201|processed_pseudogene	0	+	TESK2,AL451136.1	325
chr1	45523330	45524218	ENSG00000234329[1,1,1]	0	-	45523335	45523695	0	1	888,	0,	chr1	45523380	45524168	retro_human_891|AL604028.2-201|processed_pseudogene	0	-	MSTRG.173,GPBP1L1	788
chr1	46541731	46545469	ENSG00000123472[6,8,9]	0	-	46542231	46542351	0	2	873,173,	0,3565,	chr1	46543149	46543615	NENFP1-201|processed_pseudogene	0	-	ATPAF1	466
chr1	46543099	46543665	ENSG00000233647[1,1,1]	0	-	46543232	46543358	0	1	566,	0,	chr1	46543149	46543615	NENFP1-201|processed_pseudogene	0	-	ATPAF1	466
chr1	51130458	51131428	ENSG00000233406[1,1,1]	0	-	51130458	51130458	0	1	970,	0,	chr1	51130508	51131378	retro_human_6076|AL162430.1-201|processed_pseudogene	0	-	MSTRG.186,RNF11	870
chr1	51587014	51588114	ENSG00000236973[1,1,1]	0	-	51587014	51587014	0	1	1100,	0,	chr1	51587064	51588064	retro_human_687|GAPDHP51-201|processed_pseudogene	0	-	OSBPL9	1000
chr1	56498222	56498465	ENSG00000225475[1,1,1]	0	-	56498222	56498222	0	1	243,	0,	chr1	56498274	56498415	AC099789.1-201|processed_pseudogene	0	-	PLPP3	141
chr1	58430826	58431347	ENSG00000270209[1,1,1]	0	-	58430826	58430826	0	1	521,	0,	chr1	58430876	58431297	AL035411.2-201|processed_pseudogene	0	-	AL035411.3	421
chr1	58877945	58878864	ENSG00000228121[1,1,1]	0	+	58877945	58877945	0	1	919,	0,	chr1	58877995	58878814	retro_human_245|PHBP3-201|processed_pseudogene	0	+	LINC01358	819
chr1	67926766	67927252	ENSG00000228431[1,1,1]	0	-	67926939	67927104	0	1	486,	0,	chr1	67926816	67927202	retro_human_6882|ARL5AP3-201|processed_pseudogene	0	-	DIRAS3,GNG12-AS1	386
chr1	69483437	69484984	ENSG00000270615[1,1,1]	0	-	69483437	69483437	0	1	1547,	0,	chr1	69483487	69484934	retro_human_8967|SGO1P1-201|processed_pseudogene	0	-	LRRC7	1447
chr1	71244763	71245113	ENSG00000226324[1,1,1]	0	-	71244763	71244763	0	1	350,	0,	chr1	71244813	71245063	retro_human_8970|AL358453.1-201|processed_pseudogene	0	-	ZRANB2-AS2	250
chr1	76191476	76192240	ENSG00000223905[1,1,1]	0	-	76191476	76191476	0	1	764,	0,	chr1	76191526	76192190	retro_human_8964|AC103592.1-201|processed_pseudogene	0	-	ST6GALNAC3	664
chr1	76967243	76967898	ENSG00000226084[1,1,1]	0	+	76967243	76967243	0	1	655,	0,	chr1	76967293	76967848	retro_human_6608|AC113935.1-201|processed_pseudogene	0	+	PIGK	555
chr1	76967559	76967898	ENSG00000226084[2,1,1]	0	+	76967559	76967559	0	1	339,	0,	chr1	76967293	76967848	retro_human_6608|AC113935.1-201|processed_pseudogene	0	+	PIGK	289
chr1	85870340	85871176	ENSG00000229505[1,1,1]	0	+	85870340	85870340	0	1	836,	0,	chr1	85870390	85871126	AC104455.1-201|processed_pseudogene	0	+	COL24A1	736
chr1	93045291	93045576	ENSG00000225297[1,1,1]	0	-	93045291	93045291	0	1	285,	0,	chr1	93045341	93045526	AC126124.1-201|processed_pseudogene	0	-	CCDC18	185
chr1	97433693	97434227	ENSG00000226128[1,1,1]	0	+	97433693	97433693	0	1	534,	0,	chr1	97433743	97434177	retro_human_5786|RPL26P9-201|processed_pseudogene	0	+	DPYD	434
chr1	100097007	100097329	ENSG00000230287[1,1,1]	0	+	100097007	100097007	0	1	322,	0,	chr1	100097057	100097279	AL445928.1-201|processed_pseudogene	0	+	DBT,AL445928.2	222
chr1	109025589	109026244	ENSG00000244716[1,1,1]	0	+	109025589	109025589	0	1	655,	0,	chr1	109025639	109026194	retro_human_5371|BX679664.3-201|processed_pseudogene	0	+	WDR47	555
chr1	110271678	110271955	ENSG00000282852[1,1,1]	0	+	110271678	110271678	0	1	277,	0,	chr1	110271728	110271905	retro_human_37|AL137790.2-201|processed_pseudogene	0	+	KCNC4	177
chr1	111663125	111664479	ENSG00000215867[1,1,1]	0	-	111663125	111663125	0	1	1354,	0,	chr1	111663175	111664429	retro_human_1262|KRT18P57-201|processed_pseudogene	0	-	RAP1A	1254
chr1	113710454	113711302	ENSG00000232450[1,1,1]	0	-	113710867	113711074	0	1	848,	0,	chr1	113710504	113711252	retro_human_6679|AL133517.1-201|transcribed_processed_pseudogene	0	-	PHTF1	748
chr1	119139716	119140567	ENSG00000236804[1,1,1]	0	-	119140244	119140517	0	1	851,	0,	chr1	119139764	119140517	retro_human_854|RPS3AP12-201|processed_pseudogene	0	-	WARS2	753
chr1	120445453	120447402	ENSG00000270392[1,1,1]	0	-	120445453	120445453	0	1	1949,	0,	chr1	120445503	120447337	retro_human_7827|PFN1P2-201|transcribed_processed_pseudogene	0	-	NBPF8	1834
chr1	120445453	120447402	ENSG00000270392[1,1,1]	0	-	120445453	120445453	0	1	1949,	0,	chr1	120446955	120447352	PFN1P2-202|transcribed_processed_pseudogene	0	-	NBPF8	397
chr1	120446905	120447402	ENSG00000270392[1,1,2]	0	-	120446905	120446905	0	1	497,	0,	chr1	120445503	120447337	retro_human_7827|PFN1P2-201|transcribed_processed_pseudogene	0	-	NBPF8	432
chr1	120446905	120447402	ENSG00000270392[1,1,2]	0	-	120446905	120446905	0	1	497,	0,	chr1	120446955	120447352	PFN1P2-202|transcribed_processed_pseudogene	0	-	NBPF8	397
chr1	121511661	121513309	ENSG00000233432[1,1,1]	0	+	121511661	121511661	0	1	1648,	0,	chr1	121511711	121513259	retro_human_1733|MTIF2P1-201|processed_pseudogene	0	+	AL592494.1	1548
chr1	144089716	144089927	ENSG00000271644[1,1,1]	0	+	144089716	144089716	0	1	211,	0,	chr1	144089766	144089877	AC242498.1-201|processed_pseudogene	0	+	SRGAP2B	111
chr1	147584025	147584920	ENSG00000236806[1,1,1]	0	-	147584920	147584920	0	1	895,	0,	chr1	147584075	147584870	retro_human_10897|RPL7AP15-201|processed_pseudogene	0	-	AC242426.2,FMO5,CHD1L	795
chr1	146489311	146489742	ENSG00000235988[1,1,1]	0	+	146489742	146489742	0	1	431,	0,	chr1	146489361	146489692	AC245100.5-201|processed_pseudogene	0	+	LINC01138,AC245100.1	331
chr1	153027802	153028173	ENSG00000236327[1,1,1]	0	+	153027802	153027802	0	1	371,	0,	chr1	153027852	153028123	retro_human_2915|AL831737.1-201|processed_pseudogene	0	+	GATAD2B	271
chr1	154571686	154572871	ENSG00000237872[1,1,1]	0	+	154571686	154571686	0	1	1185,	0,	chr1	154571736	154572821	retro_human_5934|POU5F1P4-201|processed_pseudogene	0	+	MSTRG.397,ASH1L	1085
chr1	156265157	156265567	ENSG00000235700[1,1,1]	0	+	156265157	156265157	0	1	410,	0,	chr1	156265207	156265517	retro_human_182|CYCSP52-201|processed_pseudogene	0	+	ETV3	310
chr1	160171858	160172131	ENSG00000232879[1,1,1]	0	+	160171858	160171858	0	1	273,	0,	chr1	160171908	160172081	AL591806.1-201|processed_pseudogene	0	+	AL591806.3	173
chr1	165017642	165018212	ENSG00000230175[1,1,1]	0	+	165017642	165017642	0	1	570,	0,	chr1	165017692	165018162	retro_human_3472|AL451074.4-201|processed_pseudogene	0	+	ALDH9A1	470
chr1	165621622	165623691	ENSG00000215835[1,1,1]	0	-	165621622	165621622	0	1	2069,	0,	chr1	165621672	165623641	retro_human_7732|AL596087.1-201|processed_pseudogene	0	-	AL596087.2,LOC112268276	1969
chr1	166214531	166215093	ENSG00000225171[1,1,1]	0	+	166214531	166214531	0	1	562,	0,	chr1	166214581	166215043	retro_human_3466|DUTP6-201|processed_pseudogene	0	+	TADA1	462
chr1	167895813	167899139	ENSG00000143185[1,1,1]	0	-	167896045	167899056	0	3	398,115,144,	0,1271,3182,	chr1	167897828	167898446	retro_human_1763|AL031736.1-201|processed_pseudogene	0	+	XCL2	618
chr1	167897778	167898496	ENSG00000227777[1,1,1]	0	+	167897778	167897778	0	1	718,	0,	chr1	167897828	167898446	retro_human_1763|AL031736.1-201|processed_pseudogene	0	+	XCL2	618
chr1	167931514	167937211	ENSG00000143184[2,1,1]	0	+	167931729	167936309	0	3	276,115,1068,	0,3640,4629,	chr1	167933744	167934531	retro_human_7725|AL031736.2-201|processed_pseudogene	0	-	XCL1	787
chr1	167931646	167937211	ENSG00000143184[1,1,1]	0	+	167931729	167936309	0	3	144,115,1068,	0,3508,4497,	chr1	167933744	167934531	retro_human_7725|AL031736.2-201|processed_pseudogene	0	-	XCL1	787
chr1	167931646	167936544	ENSG00000143184[1,1,2]	0	+	167931729	167936309	0	3	144,115,401,	0,3508,4497,	chr1	167933744	167934531	retro_human_7725|AL031736.2-201|processed_pseudogene	0	-	XCL1	787
chr1	167933694	167934581	ENSG00000229757[1,1,1]	0	-	167933694	167933694	0	1	887,	0,	chr1	167933744	167934531	retro_human_7725|AL031736.2-201|processed_pseudogene	0	-	XCL1	787
chr1	168829356	168829556	ENSG00000234604[1,1,1]	0	-	168829356	168829356	0	1	200,	0,	chr1	168829406	168829506	AL021068.1-201|processed_pseudogene	0	-	SLC19A2	100
chr1	178492702	178492973	ENSG00000234041[1,1,1]	0	+	178492702	178492702	0	1	271,	0,	chr1	178492752	178492923	AL512326.5-201|processed_pseudogene	0	+	MSTRG.460,ABL2	171
chr1	183929686	183931111	ENSG00000232036[1,1,1]	0	+	183930428	183930929	0	1	1425,	0,	chr1	183929736	183931061	retro_human_2698|AL078645.2-201|processed_pseudogene	0	+	C1orf21	1325
chr1	202518473	202519304	ENSG00000236523[1,1,1]	0	+	202518473	202518473	0	1	831,	0,	chr1	202518523	202519254	retro_human_9117|NPM1P40-201|processed_pseudogene	0	+	CHIT1	731
chr1	204355499	204356383	ENSG00000271580[1,1,1]	0	+	204355499	204355499	0	1	884,	0,	chr1	204355549	204356333	retro_human_3245|AL583832.1-201|processed_pseudogene	0	+	RBBP5	784
chr1	204466507	204467159	ENSG00000213041[1,1,1]	0	+	204466507	204466507	0	1	652,	0,	chr1	204466557	204467109	retro_human_3243|AC093422.1-201|processed_pseudogene	0	+	DSTYK,MSTRG.514	552
chr1	205793057	205793949	ENSG00000234981[1,1,1]	0	+	205793107	205793896	0	1	892,	0,	chr1	205793107	205793899	retro_human_3240|AC244034.1-201|processed_pseudogene	0	+	RASSF5	792
chr1	206170182	206170748	ENSG00000271680[1,1,1]	0	+	206170182	206170182	0	1	566,	0,	chr1	206170232	206170698	AC098935.2-201|processed_pseudogene	0	+	FCMR	466
chr1	206415403	206415580	ENSG00000226565[1,1,1]	0	-	206415403	206415403	0	1	177,	0,	chr1	206415453	206415530	AL445493.1-201|processed_pseudogene	0	-	LOC107985251	77
chr1	219446842	219447607	ENSG00000270585[1,1,1]	0	+	219446842	219446842	0	1	765,	0,	chr1	219446892	219447557	retro_human_8299|AL445435.1-201|processed_pseudogene	0	+	RAB3GAP2,MSTRG.545	665
chr1	221495756	221496820	ENSG00000227613[1,1,1]	0	-	221495756	221495756	0	1	1064,	0,	chr1	221495806	221496770	retro_human_4043|QRSL1P2-201|processed_pseudogene	0	-	AL356108.1	964
chr1	222179518	222179794	ENSG00000234523[1,1,1]	0	+	222179518	222179518	0	1	276,	0,	chr1	222179568	222179744	retro_human_2424|NDUFB1P2-201|processed_pseudogene	0	+	DISP1,MSTRG.549	176
chr1	226146030	226146329	ENSG00000228525[1,1,1]	0	-	226146030	226146030	0	1	299,	0,	chr1	226146080	226146279	AL353689.1-201|processed_pseudogene	0	-	COQ8A	199
chr1	226787308	226788079	ENSG00000225934[1,1,1]	0	-	226787308	226787308	0	1	771,	0,	chr1	226787358	226788029	FAM133FP-201|processed_pseudogene	0	-	ZNF678	671
chr1	244014612	244015009	ENSG00000227735[1,1,1]	0	-	244014612	244014612	0	1	397,	0,	chr1	244014662	244014959	retro_human_4467|CYCSP5-201|processed_pseudogene	0	-	CATSPERE	297
chr1	245599880	245600407	ENSG00000225222[1,1,1]	0	+	245599880	245599880	0	1	527,	0,	chr1	245599930	245600357	retro_human_143|CHCHD4P5-201|processed_pseudogene	0	+	SMYD3	427
chr2	15428775	15429223	ENSG00000229087[1,1,1]	0	-	15429050	15429173	0	1	448,	0,	chr2	15428825	15429173	retro_human_11185|RPS26P18-201|processed_pseudogene	0	-	NBAS,MSTRG.2986	348
chr2	25891741	25892347	ENSG00000218682[1,1,1]	0	-	25892006	25892270	0	1	606,	0,	chr2	25891791	25892297	retro_human_329|AC064847.1-201|processed_pseudogene	0	-	ASXL2,MSTRG.3002	506
chr2	26136583	26137504	ENSG00000235440[1,1,1]	0	-	26136583	26136583	0	1	921,	0,	chr2	26136633	26137454	retro_human_332|RPS2P15-201|processed_pseudogene	0	-	RAB10	821
chr2	42468525	42469484	ENSG00000232526[1,1,1]	0	-	42468957	42469119	0	1	959,	0,	chr2	42468575	42469434	retro_human_4859|VDAC1P13-201|processed_pseudogene	0	-	KCNG3	859
chr2	64459211	64459740	ENSG00000237217[1,1,1]	0	+	64459211	64459211	0	1	529,	0,	chr2	64459261	64459690	AC008074.1-201|processed_pseudogene	0	+	LGALSL-DT	429
chr2	74315179	74316561	ENSG00000229798[1,1,1]	0	-	74315229	74315697	0	1	1382,	0,	chr2	74315229	74316511	retro_human_3956|KRT18P26-201|processed_pseudogene	0	-	AC006030.1,SLC4A5	1282
chr2	78442757	78443929	ENSG00000270470[1,1,1]	0	+	78442757	78442757	0	1	1172,	0,	chr2	78442807	78443879	AC064872.1-201|processed_pseudogene	0	+	LOC124906027	1072
chr2	81666977	81667329	ENSG00000233444[1,1,1]	0	-	81666977	81666977	0	1	352,	0,	chr2	81667027	81667279	AC013262.1-201|processed_pseudogene	0	-	LOC102724542	252
chr2	85362758	85362986	ENSG00000271014[1,1,1]	0	-	85362758	85362758	0	1	228,	0,	chr2	85362808	85362936	AC062037.1-201|processed_pseudogene	0	-	ELMOD3	128
chr2	97982121	97983249	ENSG00000235833[1,1,1]	0	-	97982416	97982539	0	1	1128,	0,	chr2	97982171	97983199	AC017099.1-201|processed_pseudogene	0	-	ANKRD36B	1028
chr2	101527024	101527403	ENSG00000271532[1,1,1]	0	+	101527024	101527024	0	1	379,	0,	chr2	101527074	101527353	retro_human_1699|BBIP1P1-201|processed_pseudogene	0	+	TBC1D8	279
chr2	101834235	101834804	ENSG00000226058[1,1,1]	0	+	101834235	101834235	0	1	569,	0,	chr2	101834285	101834754	retro_human_1696|AC092570.1-201|processed_pseudogene	0	+	LOC107985789,CREG2	469
chr2	120645762	120646525	ENSG00000236878[1,1,1]	0	+	120645762	120645762	0	1	763,	0,	chr2	120645813	120646475	MTATP6P26-201|processed_pseudogene	0	+	AC012363.1	662
chr2	127116611	127117510	ENSG00000235128[1,1,1]	0	+	127117082	127117457	0	1	899,	0,	chr2	127116661	127117460	AC013474.1-201|processed_pseudogene	0	+	GYPC	799
chr2	128587058	128587309	ENSG00000232101[1,1,1]	0	-	128587058	128587058	0	1	251,	0,	chr2	128587108	128587259	AC108059.1-201|processed_pseudogene	0	-	MSTRG.3217,UGGT1	151
chr2	143541297	143542506	ENSG00000224288[1,1,1]	0	-	143541297	143541297	0	1	1209,	0,	chr2	143541347	143542456	MTCYBP11-201|processed_pseudogene	0	-	ARHGAP15	1109
chr2	143542474	143543057	ENSG00000226839[1,1,1]	0	+	143542474	143542474	0	1	583,	0,	chr2	143542524	143543007	MTND6P11-201|processed_pseudogene	0	+	ARHGAP15	483
chr2	149890262	149890893	ENSG00000223604[1,1,1]	0	+	149890454	149890667	0	1	631,	0,	chr2	149890312	149890843	retro_human_6126|RPL17P13-201|processed_pseudogene	0	+	LYPD6	531
chr2	164779206	164779597	ENSG00000229641[1,1,1]	0	+	164779206	164779206	0	1	391,	0,	chr2	164779256	164779547	CYP2C56P-201|processed_pseudogene	0	+	AC016766.1	291
chr2	168171466	168173969	ENSG00000214211[1,1,1]	0	-	168171466	168171466	0	1	2503,	0,	chr2	168171516	168173919	retro_human_5495|CTAGE14P-201|processed_pseudogene	0	-	B3GALT1	2403
chr2	186853862	186854493	ENSG00000227692[1,1,1]	0	+	186853862	186853862	0	1	631,	0,	chr2	186853912	186854443	retro_human_2816|MED28P3-201|processed_pseudogene	0	+	LINC01473	531
chr2	194938544	194939206	ENSG00000225394[1,1,1]	0	-	194938544	194938544	0	1	662,	0,	chr2	194938594	194939156	retro_human_9227|AC106883.1-201|processed_pseudogene	0	-	LINC01821	562
chr2	197498623	197499749	ENSG00000225636[1,1,1]	0	+	197498623	197498623	0	1	1126,	0,	chr2	197498673	197499699	retro_human_10652|HNRNPA3P15-201|processed_pseudogene	0	+	ANKRD44	1026
chr2	198017348	198017611	ENSG00000231699[1,1,1]	0	+	198017348	198017348	0	1	263,	0,	chr2	198017398	198017561	retro_human_5105|AC020550.1-201|processed_pseudogene	0	+	HSPE1-MOB4,MOB4	163
chr2	202243283	202244220	ENSG00000230799[1,1,1]	0	+	202243283	202243283	0	1	937,	0,	chr2	202243333	202244170	retro_human_2418|RPS2P16-201|processed_pseudogene	0	+	ALS2,MSTRG.3341	837
chr2	203001407	203002096	ENSG00000236047[1,1,1]	0	+	203001540	203001720	0	1	689,	0,	chr2	203001457	203002046	retro_human_7887|RPL13AP12-201|processed_pseudogene	0	+	MSTRG.3343,BMPR2	589
chr2	203556135	203556693	ENSG00000225124[1,1,1]	0	-	203556135	203556135	0	1	558,	0,	chr2	203556185	203556643	retro_human_10298|RPL23AP36-201|processed_pseudogene	0	-	NBEAL1	458
chr2	208945986	208946475	ENSG00000227430[1,1,1]	0	-	208945986	208945986	0	1	489,	0,	chr2	208946036	208946425	retro_human_9890|H3P9-201|processed_pseudogene	0	-	PTH2R	389
chr2	213312912	213313797	ENSG00000231254[1,1,1]	0	+	213312912	213312912	0	1	885,	0,	chr2	213312962	213313747	retro_human_7524|PCED1CP-201|processed_pseudogene	0	+	AC093865.1	785
chr2	217268136	217268607	ENSG00000237930[1,1,1]	0	-	217268136	217268136	0	1	471,	0,	chr2	217268186	217268557	retro_human_9446|RPL31P14-201|processed_pseudogene	0	-	AC007563.2,IGFBP-AS1	371
chr2	218177193	218180159	ENSG00000224414[1,1,1]	0	+	218177193	218177193	0	1	2966,	0,	chr2	218177243	218180109	retro_human_7527|AC010886.1-201|processed_pseudogene	0	+	DIRC3	2866
chr2	218840138	218840736	ENSG00000230580[1,1,1]	0	+	218840138	218840138	0	1	598,	0,	chr2	218840188	218840686	retro_human_1682|RPL19P5-201|processed_pseudogene	0	+	CATIP-AS2	498
chr2	222017657	222018098	ENSG00000226726[1,1,1]	0	+	222017657	222017657	0	1	441,	0,	chr2	222017707	222018048	retro_human_1687|TMEM256P2-201|processed_pseudogene	0	+	EPHA4	341
chr2	223183650	223184612	ENSG00000203531[1,1,1]	0	-	223183650	223183650	0	1	962,	0,	chr2	223183700	223184559	retro_human_10992|AC104772.1-201|processed_pseudogene	0	-	MOGAT1	859
chr2	230184314	230184769	ENSG00000235993[1,1,1]	0	+	230184314	230184314	0	1	455,	0,	chr2	230184364	230184719	retro_human_7152|AC007559.1-201|processed_pseudogene	0	+	MSTRG.3396,DNER	355
chr2	241617781	241618100	ENSG00000235861[1,1,1]	0	+	241617781	241617781	0	1	319,	0,	chr2	241617831	241618050	AC005237.2-201|processed_pseudogene	0	+	PASK	219
chr3	300484	301193	ENSG00000231660[1,1,1]	0	-	300484	300484	0	1	709,	0,	chr3	300534	301143	RPS8P6-201|processed_pseudogene	0	-	CHL1	609
chr3	11524758	11525126	ENSG00000270531[1,1,1]	0	-	11524758	11524758	0	1	368,	0,	chr3	11524808	11525076	retro_human_10049|AC022001.1-201|processed_pseudogene	0	-	ATG7	268
chr3	12163488	12163932	ENSG00000233026[1,1,1]	0	-	12163800	12163911	0	1	444,	0,	chr3	12163538	12163882	MTCO1P5-201|processed_pseudogene	0	-	SYN2	344
chr3	17467283	17467744	ENSG00000227309[1,1,1]	0	+	17467283	17467283	0	1	461,	0,	chr3	17467333	17467694	retro_human_9204|AC140076.1-201|processed_pseudogene	0	+	TBC1D5,MSTRG.3801	361
chr3	24435120	24435580	ENSG00000229756[1,1,1]	0	+	24435120	24435120	0	1	460,	0,	chr3	24435170	24435530	retro_human_3728|RPL31P20-201|processed_pseudogene	0	+	THRB	360
chr3	27464552	27464965	ENSG00000227523[1,1,1]	0	+	27464552	27464552	0	1	413,	0,	chr3	27464602	27464915	retro_human_8037|RPS20P15-201|processed_pseudogene	0	+	SLC4A7,MSTRG.3809	313
chr3	32240874	32241146	ENSG00000270377[1,1,1]	0	-	32240874	32240874	0	1	272,	0,	chr3	32240924	32241096	AC097639.2-201|processed_pseudogene	0	-	CMTM8	172
chr3	32255969	32257360	ENSG00000234737[1,1,1]	0	+	32256896	32257307	0	1	1391,	0,	chr3	32256019	32257310	retro_human_4708|KRT18P15-201|processed_pseudogene	0	+	CMTM8	1291
chr3	41973360	41973778	ENSG00000234270[1,1,1]	0	+	41973360	41973360	0	1	418,	0,	chr3	41973410	41973729	retro_human_7225|RPL36P20-201|processed_pseudogene	0	+	ULK4	319
chr3	47682637	47683046	ENSG00000235695[1,1,1]	0	+	47682637	47682637	0	1	409,	0,	chr3	47682687	47682996	HIGD2AP2-201|processed_pseudogene	0	+	HIGD2AP2,SMARCC1,MSTRG.3859	309
chr3	48188284	48188626	ENSG00000235627[1,1,1]	0	+	48188284	48188284	0	1	342,	0,	chr3	48188334	48188576	retro_human_5554|SNRPFP4-201|processed_pseudogene	0	+	CDC25A	242
chr3	49788303	49788577	ENSG00000239576[1,1,1]	0	+	49788303	49788303	0	1	274,	0,	chr3	49788353	49788527	retro_human_5551|COX6CP14-201|processed_pseudogene	0	+	MSTRG.3884,IP6K1	174
chr3	50749398	50749968	ENSG00000213587[1,1,1]	0	-	50749398	50749398	0	1	570,	0,	chr3	50749448	50749918	retro_human_72|AC126120.1-201|processed_pseudogene	0	-	DOCK3	470
chr3	57570656	57571379	ENSG00000237186[1,1,1]	0	-	57571161	57571329	0	1	723,	0,	chr3	57570706	57571329	retro_human_1012|AC092418.1-201|processed_pseudogene	0	-	DNAH12	623
chr3	61785672	61786424	ENSG00000226360[1,1,1]	0	-	61785672	61785672	0	1	752,	0,	chr3	61785722	61786374	retro_human_1010|RPL10AP6-201|processed_pseudogene	0	-	PTPRG	652
chr3	62167645	62168132	ENSG00000237456[1,1,1]	0	-	62167645	62167645	0	1	487,	0,	chr3	62167695	62168100	retro_human_6381|AC104849.1-201|processed_pseudogene	0	-	PTPRG	405
chr3	65887532	65888189	ENSG00000223409[1,1,1]	0	+	65887532	65887532	0	1	657,	0,	chr3	65887582	65888139	retro_human_5162|RPL17P17-201|processed_pseudogene	0	+	MAGI1	557
chr3	81666183	81666569	ENSG00000240404[1,1,1]	0	+	81666183	81666183	0	1	386,	0,	chr3	81665681	81666249	retro_human_6020|SETP6-201|processed_pseudogene	0	-	MSTRG.3938,GBE1	66
chr3	81666183	81666569	ENSG00000240404[1,1,1]	0	+	81666183	81666183	0	1	386,	0,	chr3	81666233	81666519	AC017015.1-201|processed_pseudogene	0	+	MSTRG.3938,GBE1	286
chr3	84741520	84742530	ENSG00000241776[1,1,1]	0	-	84741520	84741520	0	1	1010,	0,	chr3	84741570	84742480	retro_human_6015|AC117482.1-201|processed_pseudogene	0	-	LINC00971	910
chr3	116461972	116462504	ENSG00000239280[1,1,1]	0	-	116461972	116461972	0	1	532,	0,	chr3	116462022	116462454	AC108693.1-201|processed_pseudogene	0	-	NAA50	432
chr3	119746546	119746988	ENSG00000243014[1,1,1]	0	+	119746546	119746546	0	1	442,	0,	chr3	119746596	119746938	retro_human_3131|PTMAP8-201|processed_pseudogene	0	+	LSAMP	342
chr3	122016498	122018768	ENSG00000242829[2,1,1]	0	+	122018081	122018291	0	1	2270,	0,	chr3	122018370	122018718	retro_human_3132|RPS26P21-201|processed_pseudogene	0	+	MSTRG.3985,ARHGAP31	348
chr3	122018320	122018768	ENSG00000242829[1,1,1]	0	+	122018320	122018320	0	1	448,	0,	chr3	122018370	122018718	retro_human_3132|RPS26P21-201|processed_pseudogene	0	+	MSTRG.3985,ARHGAP31	348
chr3	124213983	124214882	ENSG00000242445[1,1,1]	0	+	124213983	124213983	0	1	899,	0,	chr3	124214033	124214832	retro_human_9009|RPL7AP11-201|processed_pseudogene	0	+	POLQ	799
chr3	125202201	125202541	ENSG00000275348[1,1,1]	0	+	125202201	125202201	0	1	340,	0,	chr3	125202251	125202491	AC096861.1-201|processed_pseudogene	0	+	KPNA1	240
chr3	128527484	128528364	ENSG00000242229[1,1,1]	0	+	128527484	128527484	0	1	880,	0,	chr3	128527534	128528314	retro_human_8579|RPS3AP14-201|processed_pseudogene	0	+	AC092902.4,AC092902.2,LOC128966749,LOC105374312	780
chr3	131543453	131543913	ENSG00000239483[1,1,1]	0	-	131543453	131543453	0	1	460,	0,	chr3	131543502	131543863	retro_human_2435|RPS15AP16-201|processed_pseudogene	0	-	RAB7A	361
chr3	136154661	136155650	ENSG00000249820[1,1,1]	0	+	136154711	136154987	0	1	989,	0,	chr3	136154711	136155600	AC055753.1-201|processed_pseudogene	0	+	BFSP2	889
chr3	136915546	136916245	ENSG00000231845[1,1,1]	0	+	136915546	136915546	0	1	699,	0,	chr3	136915596	136916195	retro_human_8227|HMGB3P14-201|processed_pseudogene	0	+	RYK,MSTRG.4036	599
chr3	145574288	145575021	ENSG00000240950[1,1,1]	0	-	145574295	145574793	0	1	733,	0,	chr3	145574338	145574971	retro_human_7898|AC021074.1-201|processed_pseudogene	0	-	PCOLCE2	633
chr3	152245832	152247268	ENSG00000244503[1,1,1]	0	+	152246295	152246652	0	1	1436,	0,	chr3	152245882	152247218	retro_human_6228|AC108751.5-201|processed_pseudogene	0	+	TM4SF4	1336
chr3	152733506	152734733	ENSG00000224831[1,1,1]	0	-	152733556	152734684	0	1	1227,	0,	chr3	152733556	152734684	retro_human_2826|TMEM183B-201|processed_pseudogene	0	-	PFN2	1128
chr3	154232786	154233257	ENSG00000242810[1,1,1]	0	-	154232786	154232786	0	1	471,	0,	chr3	154232836	154233207	MRPL42P6-201|processed_pseudogene	0	-	IGSF10	371
chr3	155107545	155108941	ENSG00000221962[1,1,1]	0	-	155107545	155107545	0	1	1396,	0,	chr3	155107595	155108891	TMEM14EP-202|transcribed_processed_pseudogene	0	-	MBNL1	1296
chr3	155107545	155108941	ENSG00000221962[1,1,1]	0	-	155107545	155107545	0	1	1396,	0,	chr3	155108427	155108805	TMEM14EP-201|transcribed_processed_pseudogene	0	-	MBNL1	378
chr3	155108377	155108941	ENSG00000221962[1,1,2]	0	-	155108377	155108377	0	1	564,	0,	chr3	155107595	155108891	TMEM14EP-202|transcribed_processed_pseudogene	0	-	MBNL1	514
chr3	155108377	155108941	ENSG00000221962[1,1,2]	0	-	155108377	155108377	0	1	564,	0,	chr3	155108427	155108805	TMEM14EP-201|transcribed_processed_pseudogene	0	-	MBNL1	378
chr3	163117246	163117677	ENSG00000243687[1,1,1]	0	+	163117246	163117246	0	1	431,	0,	chr3	163117296	163117627	retro_human_6647|AC079594.1-201|processed_pseudogene	0	+	IFT80,AC079594.2,TRIM59-IFT80	331
chr3	175465708	175466316	ENSG00000231384[1,1,1]	0	+	175465708	175465708	0	1	608,	0,	chr3	175465757	175466266	AC007919.2-201|processed_pseudogene	0	+	NCEH1	509
chr3	180503221	180504048	ENSG00000277241[1,1,1]	0	-	180503221	180503221	0	1	827,	0,	chr3	180503271	180503998	retro_human_10533|AC026355.4-201|processed_pseudogene	0	-	LINC00578	727
chr3	199017503	199017758	ENSG00000237418[1,1,1]	0	-	199017503	199017503	0	1	255,	0,	chr3	199017553	199017708	AC069257.2-201|processed_pseudogene	0	-	AC069257.3,TCTEX1D2,DYNLT2B	155
chr3	200582914	200583569	ENSG00000234742[1,1,1]	0	-	200582914	200582914	0	1	655,	0,	chr3	200582964	200583519	retro_human_2368|AC144530.1-201|processed_pseudogene	0	-	LRCH3,LOC105374310	555
chr4	329597	330226	ENSG00000251535[1,1,1]	0	-	329597	329597	0	1	629,	0,	chr4	329647	330176	AC079140.4-201|processed_pseudogene	0	-	AC079140.6	529
chr4	336161	336403	ENSG00000250321[1,1,1]	0	-	336161	336161	0	1	242,	0,	chr4	336211	336353	AC079140.2-201|processed_pseudogene	0	-	ZNF141	142
chr4	15713072	15713838	ENSG00000214846[1,1,1]	0	-	15713072	15713072	0	1	766,	0,	chr4	15713122	15713788	retro_human_8666|AC114744.1-201|processed_pseudogene	0	-	BST1	666
chr4	17043447	17043835	ENSG00000251212[1,1,1]	0	+	17043447	17043447	0	1	388,	0,	chr4	17043497	17043785	MTND5P4-201|processed_pseudogene	0	+	AC106894.1	288
chr4	36033985	36034752	ENSG00000248466[1,1,1]	0	-	36033985	36033985	0	1	767,	0,	chr4	36034035	36034702	retro_human_5222|AC098827.1-201|processed_pseudogene	0	-	ARAP2	667
chr4	37964515	37965325	ENSG00000251332[1,1,1]	0	-	37964515	37964515	0	1	810,	0,	chr4	37964565	37965275	retro_human_5220|AC021106.2-201|processed_pseudogene	0	-	TBC1D1	710
chr4	39943040	39943455	ENSG00000250568[1,1,1]	0	-	39943093	39943306	0	1	415,	0,	chr4	39943090	39943405	AC098591.3-201|processed_pseudogene	0	-	PDS5A,MSTRG.4233	315
chr4	41362848	41363427	ENSG00000239627[1,1,1]	0	+	41363059	41363239	0	1	579,	0,	chr4	41362898	41363377	retro_human_6917|RPL12P20-201|processed_pseudogene	0	+	LIMCH1	479
chr4	41897942	41898243	ENSG00000249887[1,1,1]	0	+	41897942	41897942	0	1	301,	0,	chr4	41897992	41898193	AC108210.2-201|processed_pseudogene	0	+	AC108210.1,LOC105374426	201
chr4	55927297	55928439	ENSG00000251286[1,1,1]	0	-	55927297	55927297	0	1	1142,	0,	chr4	55927347	55928389	retro_human_8043|AC097522.1-201|processed_pseudogene	0	-	AC097522.2	1042
chr4	57563816	57564140	ENSG00000251105[1,1,1]	0	+	57563816	57563816	0	1	324,	0,	chr4	57563866	57564090	retro_human_10827|AC110792.1-201|processed_pseudogene	0	+	AC110792.4,CHIC2,AC058822.1	224
chr4	69011689	69012659	ENSG00000243199[1,1,1]	0	+	69011689	69011689	0	1	970,	0,	chr4	69011739	69012609	retro_human_9775|AC115223.1-201|processed_pseudogene	0	+	EPHA5	870
chr4	71168242	71169555	ENSG00000270292[1,1,1]	0	-	71168242	71168242	0	1	1313,	0,	chr4	71168292	71169505	retro_human_2221|AC079880.2-201|processed_pseudogene	0	-	UBA6-AS1	1213
chr4	81205278	81205675	ENSG00000250214[1,1,1]	0	-	81205278	81205278	0	1	397,	0,	chr4	81205328	81205625	retro_human_10191|AC112225.1-201|processed_pseudogene	0	-	MRPL1	297
chr4	87874249	87874565	ENSG00000258013[1,1,1]	0	-	87874249	87874249	0	1	316,	0,	chr4	87874299	87874515	RPL3P13-201|processed_pseudogene	0	-	LOC102723338	216
chr4	96212332	96212877	ENSG00000248750[1,1,1]	0	+	96212472	96212691	0	1	545,	0,	chr4	96212382	96212827	AC020699.1-201|processed_pseudogene	0	+	GRID2	445
chr4	108307850	108308103	ENSG00000276992[1,1,1]	0	-	108307850	108307850	0	1	253,	0,	chr4	108307900	108308053	AC096577.2-201|processed_pseudogene	0	-	AC096577.1	153
chr4	116134607	116136008	ENSG00000234841[1,1,1]	0	+	116134607	116134607	0	1	1401,	0,	chr4	116134657	116135958	retro_human_8183|AC017007.2-201|processed_pseudogene	0	+	ANK2	1301
chr4	120878326	120879503	ENSG00000213492[1,1,2]	0	-	120878326	120878326	0	1	1177,	0,	chr4	120877790	120879453	retro_human_60|NT5C3AP1-202|transcribed_processed_pseudogene	0	-	LINC01378	1127
chr4	120878326	120879503	ENSG00000213492[1,1,2]	0	-	120878326	120878326	0	1	1177,	0,	chr4	120878376	120879388	NT5C3AP1-201|transcribed_processed_pseudogene	0	-	LINC01378	1012
chr4	126144392	126144840	ENSG00000240775[1,1,1]	0	+	126144401	126144572	0	1	448,	0,	chr4	126144442	126144790	retro_human_2693|AC021205.1-201|processed_pseudogene	0	+	MSTRG.4347,FGF2	348
chr4	133206703	133207957	ENSG00000234125[1,1,1]	0	+	133206703	133206703	0	1	1254,	0,	chr4	133206753	133207907	retro_human_6279|EEF1GP8-201|processed_pseudogene	0	+	LINC02465	1154
chr4	136447290	136449350	ENSG00000248735[1,1,1]	0	+	136447290	136447290	0	1	2060,	0,	chr4	136447340	136449300	retro_human_6277|R3HDM2P1-201|processed_pseudogene	0	+	AC105383.1,PCDH10-DT	1960
chr4	141879993	141881331	ENSG00000248795[1,1,1]	0	+	141879993	141879993	0	1	1338,	0,	chr4	141880043	141881281	retro_human_8284|AC098859.1-201|processed_pseudogene	0	+	LINC00499	1238
chr4	146666454	146667393	ENSG00000228981[1,1,1]	0	-	146666454	146666454	0	1	939,	0,	chr4	146666504	146667343	retro_human_10525|AC097658.1-201|processed_pseudogene	0	-	GAB1	839
chr4	148238031	148238583	ENSG00000251452[1,1,1]	0	-	148238123	148238231	0	1	552,	0,	chr4	148238081	148238533	AC109811.2-201|processed_pseudogene	0	-	ANAPC10,AC098588.2	452
chr4	161160831	161161402	ENSG00000249627[1,1,1]	0	+	161160831	161160831	0	1	571,	0,	chr4	161160881	161161352	retro_human_3598|AC017037.1-201|processed_pseudogene	0	+	AC093817.2,LOC105377509	471
chr4	161534990	161535659	ENSG00000251073[1,1,1]	0	+	161534990	161534990	0	1	669,	0,	chr4	161535040	161535609	retro_human_3597|NUDT19P5-201|processed_pseudogene	0	+	FAM198B-AS1,GASK1B-AS1	569
chr4	178354980	178357291	ENSG00000249411[1,1,1]	0	+	178354980	178354980	0	1	2311,	0,	chr4	178355030	178357241	AC022325.1-201|processed_pseudogene	0	+	LOC105377552	2211
chr4	188141889	188142369	ENSG00000249138[1,1,2]	0	-	188141987	188142347	0	1	480,	0,	chr4	188141723	188142474	retro_human_7433|SLED1-201|transcribed_processed_pseudogene	0	-	ACSL1	480
chr4	188141889	188142369	ENSG00000249138[1,1,2]	0	-	188141987	188142347	0	1	480,	0,	chr4	188141939	188142319	SLED1-202|transcribed_processed_pseudogene	0	-	ACSL1	380
chr5	396711	397627	ENSG00000214278[1,1,1]	0	-	396711	396711	0	1	916,	0,	chr5	396761	397577	retro_human_2335|AC010442.1-201|processed_pseudogene	0	-	AC010442.3,AHRR,PDCD6-AHRR	816
chr5	45811095	45813263	ENSG00000250422[1,1,1]	0	+	45811095	45811095	0	1	2168,	0,	chr5	45811145	45813213	AC117529.2-201|processed_pseudogene	0	+	HCN1	2068
chr5	53717366	53717762	ENSG00000251237[1,1,1]	0	+	53717513	53717733	0	1	396,	0,	chr5	53717416	53717712	B3GNTL1P1-201|processed_pseudogene	0	+	ITGA1	296
chr5	56773032	56773210	ENSG00000264281[1,1,1]	0	+	56773032	56773032	0	1	178,	0,	chr5	56773082	56773160	AC016596.2-201|processed_pseudogene	0	+	IL6ST,MSTRG.4489	78
chr5	61248168	61248642	ENSG00000213896[1,1,1]	0	-	61248168	61248168	0	1	474,	0,	chr5	61248218	61248592	retro_human_4928|AC109486.1-201|processed_pseudogene	0	-	PDE4D	374
chr5	63381439	63381897	ENSG00000241991[1,1,1]	0	-	63381439	63381439	0	1	458,	0,	chr5	63381489	63381847	AC114982.2-201|processed_pseudogene	0	-	IPO11	358
chr5	66237065	66238035	ENSG00000205644[1,1,1]	0	+	66237065	66237065	0	1	970,	0,	chr5	66237115	66237985	retro_human_11060|AC025186.1-201|processed_pseudogene	0	+	ADAMTS6	870
chr5	67444900	67445310	ENSG00000248803[1,1,1]	0	+	67444968	67445286	0	1	410,	0,	chr5	67444950	67445260	AC092349.1-201|processed_pseudogene	0	+	MAST4	310
chr5	68514986	68515475	ENSG00000249721[1,1,1]	0	-	68514986	68514986	0	1	489,	0,	chr5	68515036	68515425	retro_human_4520|AC112206.3-201|processed_pseudogene	0	-	AC112206.2	389
chr5	79675731	79676030	ENSG00000249829[1,1,1]	0	+	79675731	79675731	0	1	299,	0,	chr5	79675781	79675980	retro_human_9163|AC016559.2-201|processed_pseudogene	0	+	DMGDH	199
chr5	79768291	79769178	ENSG00000213757[1,1,1]	0	-	79768291	79768291	0	1	887,	0,	chr5	79768341	79769128	retro_human_9581|RPS3AP20-201|processed_pseudogene	0	-	JMY	787
chr5	81230924	81231505	ENSG00000248967[1,1,1]	0	-	81230924	81230924	0	1	581,	0,	chr5	81230974	81231455	retro_human_3717|AC022493.2-201|processed_pseudogene	0	-	MSH3	481
chr5	81726858	81727228	ENSG00000248794[1,1,1]	0	-	81726858	81726858	0	1	370,	0,	chr5	81726908	81727178	retro_human_3714|AC026436.1-201|processed_pseudogene	0	-	CKMT2-AS1,CKMT2	270
chr5	82750895	82751098	ENSG00000251374[1,1,1]	0	-	82750895	82750895	0	1	203,	0,	chr5	82750945	82751048	AC010598.1-201|processed_pseudogene	0	-	ATG10	103
chr5	93324839	93325761	ENSG00000248950[1,1,1]	0	-	93324839	93324839	0	1	922,	0,	chr5	93324889	93325711	retro_human_9189|LDHBP3-201|processed_pseudogene	0	-	AC008517.1	822
chr5	97837832	97838115	ENSG00000249761[1,1,1]	0	-	97837832	97837832	0	1	283,	0,	chr5	97837882	97838065	retro_human_6536|AC074133.1-201|processed_pseudogene	0	-	LIX1-AS1	183
chr5	112873870	112874181	ENSG00000248350[1,1,1]	0	-	112874062	112874179	0	1	311,	0,	chr5	112873920	112874131	retro_human_7544|AC010265.1-201|processed_pseudogene	0	-	EPB41L4A	211
chr5	116564246	116564719	ENSG00000185641[1,1,1]	0	-	116564246	116564246	0	1	473,	0,	chr5	116564296	116564669	retro_human_2109|AC034236.1-201|processed_pseudogene	0	-	ARL14EPL	373
chr5	133468193	133468519	ENSG00000225364[1,1,1]	0	+	133468193	133468193	0	1	326,	0,	chr5	133468243	133468469	retro_human_4943|ATP6V0E1P1-201|processed_pseudogene	0	+	AFF4,MSTRG.4610	226
chr5	135450215	135451062	ENSG00000244921[1,1,1]	0	-	135450215	135450215	0	1	847,	0,	chr5	135450265	135451012	MTCYBP18-201|processed_pseudogene	0	-	PCBD2	747
chr5	135453572	135455049	ENSG00000247627[1,1,1]	0	-	135453572	135453572	0	1	1477,	0,	chr5	135453622	135454999	MTND4P12-201|processed_pseudogene	0	-	PCBD2	1377
chr5	140137014	140137476	ENSG00000275506[1,1,1]	0	-	140137014	140137014	0	1	462,	0,	chr5	140137064	140137426	retro_human_2858|H3P25-201|processed_pseudogene	0	-	UBE2D2	362
chr5	154871360	154872442	ENSG00000253119[1,1,1]	0	-	154871360	154871360	0	1	1082,	0,	chr5	154871410	154872392	retro_human_5918|HNRNPA3P7-201|processed_pseudogene	0	-	GALNT10,MSTRG.4689,SAP30L-AS1	982
chr5	158713164	158714199	ENSG00000254047[1,1,1]	0	-	158713164	158713164	0	1	1035,	0,	chr5	158713214	158714149	retro_human_544|AC025437.6-201|processed_pseudogene	0	-	AC025437.4	935
chr5	180079773	180080163	ENSG00000253520[1,1,1]	0	-	180079773	180079773	0	1	390,	0,	chr5	180079823	180080113	retro_human_10576|AC136628.3-201|processed_pseudogene	0	-	LOC100502572	290
chr6	526796	528123	ENSG00000219712[1,1,1]	0	-	527721	527877	0	1	1327,	0,	chr6	526846	528073	retro_human_11048|AL357054.1-201|processed_pseudogene	0	-	MSTRG.4747,EXOC2	1227
chr6	7207848	7208677	ENSG00000220472[1,1,1]	0	-	7208201	7208567	0	1	829,	0,	chr6	7207898	7208627	retro_human_1330|AL139095.2-201|processed_pseudogene	0	-	SSR1,CAGE1	729
chr6	7807125	7808118	ENSG00000217746[1,1,1]	0	-	7807436	7807634	0	1	993,	0,	chr6	7807175	7808068	AL096800.1-201|processed_pseudogene	0	-	BLOC1S5-TXNDC5	893
chr6	17825694	17826153	ENSG00000220920[1,1,1]	0	+	17825694	17825694	0	1	459,	0,	chr6	17825742	17826103	retro_human_3839	0	+	KIF13A	361
chr6	19484336	19485718	ENSG00000214012[1,1,1]	0	+	19484336	19484336	0	1	1382,	0,	chr6	19484386	19485668	retro_human_3846|KRT18P38-201|processed_pseudogene	0	+	LNC-LBCS	1282
chr6	25084481	25084963	ENSG00000219681[1,1,1]	0	+	25084481	25084481	0	1	482,	0,	chr6	25084531	25084913	retro_human_8537|AL590084.2-201|processed_pseudogene	0	+	CMAHP	382
chr6	27226926	27244485	ENSG00000204789[2,7,3]	0	-	27226926	27226926	255	4	2441,124,108,134,	0,5398,12355,17425,	chr6	27226970	27229367	retro_human_971|ZNF204P-201|processed_pseudogene	0	-	ZNF204P	2397
chr6	27226926	27244485	ENSG00000204789[2,5,3]	0	-	27226926	27226926	255	4	2441,124,89,778,	0,5398,12355,16781,	chr6	27226970	27229367	retro_human_971|ZNF204P-201|processed_pseudogene	0	-	ZNF204P	2397
chr6	27226926	27244485	ENSG00000204789[2,8,3]	0	-	27226926	27226926	255	5	2441,124,96,108,134,	0,5398,9736,12355,17425,	chr6	27226970	27229367	retro_human_971|ZNF204P-201|processed_pseudogene	0	-	ZNF204P	2397
chr6	27226926	27243823	ENSG00000204789[4,3,3]	0	-	27226926	27226926	255	5	2441,124,96,89,116,	0,5398,9736,12355,16781,	chr6	27226970	27229367	retro_human_971|ZNF204P-201|processed_pseudogene	0	-	ZNF204P	2397
chr6	27226926	27244485	ENSG00000204789[2,6,3]	0	-	27226926	27226926	255	4	2441,124,89,134,	0,5398,12355,17425,	chr6	27226970	27229367	retro_human_971|ZNF204P-201|processed_pseudogene	0	-	ZNF204P	2397
chr6	27226926	27244485	ENSG00000204789[2,2,3]	0	-	27226926	27226926	255	5	2441,124,96,89,134,	0,5398,9736,12355,17425,	chr6	27226970	27229367	retro_human_971|ZNF204P-201|processed_pseudogene	0	-	ZNF204P	2397
chr6	27226926	27229417	ENSG00000204789[3,1,3]	0	-	27226926	27226926	0	1	2491,	0,	chr6	27226970	27229367	retro_human_971|ZNF204P-201|processed_pseudogene	0	-	ZNF204P	2397
chr6	29457137	29457755	ENSG00000231301[1,1,1]	0	+	29457137	29457137	0	1	618,	0,	chr6	29457187	29457705	retro_human_1989|RPL13AP-207|processed_pseudogene	0	+	GABBR1	518
chr6	31146372	31147675	ENSG00000227939[1,1,1]	0	+	31146372	31146372	0	1	1303,	0,	chr6	31146422	31147625	retro_human_7819|RPL3P2-204|processed_pseudogene	0	+	HLA-B	1203
chr6	37827528	37828110	ENSG00000218521[1,1,1]	0	-	37827528	37827528	0	1	582,	0,	chr6	37827578	37828060	AL589655.1-201|processed_pseudogene	0	-	ZFAND3	482
chr6	42785441	42785961	ENSG00000181524[1,1,1]	0	-	42785441	42785441	0	1	520,	0,	chr6	42785491	42785911	retro_human_8344|RPL24P4-201|processed_pseudogene	0	-	CNPY3-GNMT	420
chr6	43192342	43193183	ENSG00000179157[1,1,1]	0	+	43192342	43192342	0	1	841,	0,	chr6	43192392	43193133	retro_human_3338|RPS2P28-201|processed_pseudogene	0	+	ZNF318	741
chr6	46275902	46276312	ENSG00000226541[1,1,1]	0	+	46275902	46275902	0	1	410,	0,	chr6	46275952	46276262	retro_human_3334|AL359633.1-201|processed_pseudogene	0	+	RCAN2	310
chr6	56712758	56713411	ENSG00000216854[1,1,1]	0	+	56712758	56712758	0	1	653,	0,	chr6	56712808	56713361	retro_human_2974|RPL17P26-201|processed_pseudogene	0	+	DST	553
chr6	71914997	71915557	ENSG00000217767[1,1,1]	0	+	71915042	71915408	0	1	560,	0,	chr6	71915047	71915507	retro_human_10035|NDUFAB1P1-201|processed_pseudogene	0	+	SMAP1	460
chr6	76495829	76496808	ENSG00000203489[1,1,1]	0	-	76496446	76496712	0	1	979,	0,	chr6	76495879	76496758	retro_human_10687|HMGB1P39-201|processed_pseudogene	0	-	FILIP1	879
chr6	80758238	80758705	ENSG00000261970[1,1,1]	0	+	80758238	80758238	0	1	467,	0,	chr6	80758288	80758655	AL391840.2-201|processed_pseudogene	0	+	SH3BGRL2	367
chr6	81582351	81583006	ENSG00000219547[1,1,1]	0	-	81582351	81582351	0	1	655,	0,	chr6	81582401	81582956	retro_human_4794|RPL17P25-201|processed_pseudogene	0	-	BCKDHB	555
chr6	84615571	84616665	ENSG00000219951[1,1,1]	0	+	84615571	84615571	0	1	1094,	0,	chr6	84615621	84616615	retro_human_3753|AL391416.1-201|processed_pseudogene	0	+	ME1	994
chr6	108371183	108371557	ENSG00000276620[1,1,1]	0	+	108371183	108371183	0	1	374,	0,	chr6	108371233	108371507	AL591516.1-201|processed_pseudogene	0	+	PDSS2	274
chr6	108408603	108409097	ENSG00000220237[1,1,1]	0	+	108408603	108408603	0	1	494,	0,	chr6	108408653	108409047	retro_human_6370|RPS24P12-201|processed_pseudogene	0	+	PDSS2	394
chr6	109429282	109429569	ENSG00000233511[1,1,1]	0	+	109429282	109429282	0	1	287,	0,	chr6	109429332	109429519	retro_human_6372|Z98742.2-201|processed_pseudogene	0	+	SNX3	187
chr6	112536711	112537293	ENSG00000220392[1,1,1]	0	+	112536711	112536711	0	1	582,	0,	chr6	112536761	112537243	retro_human_220|FCF1P5-201|processed_pseudogene	0	+	MFSD4B,REV3L,MSTRG.4953	482
chr6	115532582	115533848	ENSG00000218089[1,1,1]	0	-	115532582	115532582	0	1	1266,	0,	chr6	115532632	115533798	retro_human_3579|DNAJA1P4-201|processed_pseudogene	0	-	LOC107986638,HDAC2-AS2	1166
chr6	137664008	137664397	ENSG00000218424[1,1,1]	0	-	137664032	137664161	0	1	389,	0,	chr6	137664058	137664347	retro_human_6240|NDUFS5P1-201|processed_pseudogene	0	-	MAP7	289
chr6	138088361	138089386	ENSG00000213109[1,1,1]	0	-	138088361	138088361	0	1	1025,	0,	chr6	138088411	138089708	retro_human_6239|AL365223.1-201|transcribed_processed_pseudogene	0	-	PEX7	975
chr6	138088361	138089386	ENSG00000213109[1,1,1]	0	-	138088361	138088361	0	1	1025,	0,	chr6	138088556	138089336	AL365223.1-202|transcribed_processed_pseudogene	0	-	PEX7	780
chr6	144628577	144629172	ENSG00000218896[1,1,1]	0	+	144628577	144628577	0	1	595,	0,	chr6	144628627	144629122	retro_human_7976|TUBB8P2-201|processed_pseudogene	0	+	ADAT2,MSTRG.5000	495
chr6	145050691	145051419	ENSG00000270890[1,1,1]	0	-	145050691	145050691	0	1	728,	0,	chr6	145050741	145051369	retro_human_468|AL049844.2-201|processed_pseudogene	0	-	LTV1,AL049844.3	628
chr6	145590523	145591417	ENSG00000219409[1,1,1]	0	+	145590676	145590799	0	1	894,	0,	chr6	145590573	145591367	retro_human_7973|AL590704.1-201|processed_pseudogene	0	+	UTRN,MSTRG.5005	794
chr6	145900681	145901174	ENSG00000220739[1,1,1]	0	-	145900681	145900681	0	1	493,	0,	chr6	145900732	145901124	AL513475.2-201|processed_pseudogene	0	-	UTRN,MSTRG.5005	392
chr6	155418854	155419513	ENSG00000237593[1,1,1]	0	+	155419053	155419224	0	1	659,	0,	chr6	155418904	155419463	retro_human_10279|AL445220.1-201|processed_pseudogene	0	+	IPCEF1,OPRM1,AL357075.4	559
chr6	156047025	156047672	ENSG00000218757[1,1,1]	0	-	156047025	156047025	0	1	647,	0,	chr6	156047075	156047622	retro_human_833|AL121952.1-201|processed_pseudogene	0	-	TIAM2	547
chr6	163931450	163932894	ENSG00000227913[1,1,1]	0	+	163931450	163931450	0	1	1444,	0,	chr6	163931500	163932844	retro_human_4789|KRT8P44-201|processed_pseudogene	0	+	PRKN	1344
chr6	167711430	167712434	ENSG00000233231[1,1,1]	0	+	167711430	167711430	0	1	1004,	0,	chr6	167711480	167712384	retro_human_11053|HNRNPA1P49-201|processed_pseudogene	0	+	SFT2D1	904
chr7	11136957	11137535	ENSG00000230370[1,1,1]	0	-	11136957	11136957	0	1	578,	0,	chr7	11137007	11137485	retro_human_8683|RPL23AP52-201|processed_pseudogene	0	-	PHF14	478
chr7	14322785	14324248	ENSG00000233167[1,1,1]	0	+	14322785	14322785	0	1	1463,	0,	chr7	14322835	14324198	retro_human_11084|EEF1A1P26-201|processed_pseudogene	0	+	DGKB	1363
chr7	24812274	24812678	ENSG00000271330[1,1,1]	0	-	24812274	24812274	0	1	404,	0,	chr7	24812324	24812628	retro_human_8327|AC005084.1-201|processed_pseudogene	0	-	MPP6,PALS2	304
chr7	30681684	30682163	ENSG00000226874[1,1,1]	0	+	30681684	30681684	0	1	479,	0,	chr7	30681734	30682113	AC005154.1-201|processed_pseudogene	0	+	GARS1-DT,AC005154.5	379
chr7	33175765	33176036	ENSG00000229054[1,1,1]	0	-	33175818	33175986	0	1	271,	0,	chr7	33175815	33175986	retro_human_7942|RPS29P14-201|processed_pseudogene	0	-	NT5C3A	171
chr7	33268496	33268752	ENSG00000228015[1,1,1]	0	-	33268496	33268496	0	1	256,	0,	chr7	33268546	33268702	AC074338.1-201|processed_pseudogene	0	-	BBS9	156
chr7	33416694	33417052	ENSG00000224946[1,1,1]	0	-	33416694	33416694	0	1	358,	0,	chr7	33416744	33417002	AC007312.1-201|processed_pseudogene	0	-	BBS9	258
chr7	33519830	33520853	ENSG00000238090[1,1,1]	0	+	33520094	33520397	0	1	1023,	0,	chr7	33519880	33520803	retro_human_10311|AC006195.1-201|processed_pseudogene	0	+	BBS9	923
chr7	65758941	65759610	ENSG00000223974[1,1,1]	0	+	65758941	65758941	0	1	669,	0,	chr7	65758991	65759560	retro_human_707|BNIP3P42-201|processed_pseudogene	0	+	ZNF680	569
chr7	67968465	67968805	ENSG00000271064[1,1,1]	0	-	67968465	67968465	0	1	340,	0,	chr7	67968515	67968755	AC027644.2-201|processed_pseudogene	0	-	RABGEF1,AC027644.4	240
chr7	74388124	74388992	ENSG00000233523[1,1,1]	0	-	74388124	74388124	0	1	868,	0,	chr7	74388174	74388942	retro_human_5730|PHBP5-201|processed_pseudogene	0	-	GTF2IP4	768
chr7	74513449	74517156	ENSG00000146755[3,3,3]	0	-	74516778	74516973	0	2	220,428,	0,3279,	chr7	74514269	74515376	retro_human_3348|AC211485.1-201|processed_pseudogene	0	+	TRIM50	1107
chr7	74514219	74515426	ENSG00000225005[1,1,1]	0	+	74514219	74514219	0	1	1207,	0,	chr7	74514269	74515376	retro_human_3348|AC211485.1-201|processed_pseudogene	0	+	TRIM50	1107
chr7	78366444	78367338	ENSG00000213542[1,1,1]	0	-	78366444	78366444	0	1	894,	0,	chr7	78366494	78367288	retro_human_6944|AC007000.2-201|processed_pseudogene	0	-	FAM185BP,AC007000.4	794
chr7	81913565	81913920	ENSG00000229436[1,1,1]	0	-	81913565	81913565	0	1	355,	0,	chr7	81913615	81913870	AC073850.1-201|processed_pseudogene	0	-	CD36	255
chr7	93683340	93683853	ENSG00000270453[1,1,1]	0	+	93683340	93683340	0	1	513,	0,	chr7	93683390	93683803	retro_human_5063|AC007566.2-201|processed_pseudogene	0	+	TMBIM7P	413
chr7	99100181	99100404	ENSG00000226744[1,1,1]	0	+	99100181	99100181	0	1	223,	0,	chr7	99100231	99100354	AC005326.1-201|processed_pseudogene	0	+	ASNS,AC079781.5,CZ1P-ASNS	123
chr7	99616488	99617372	ENSG00000214389[1,1,1]	0	-	99616534	99617020	0	1	884,	0,	chr7	99616538	99617322	retro_human_6546|RPS3AP26-201|processed_pseudogene	0	-	BAIAP2L1	784
chr7	106141374	106141935	ENSG00000237606[1,1,1]	0	+	106141768	106141882	0	1	561,	0,	chr7	106141424	106141885	retro_human_4241|AC091286.1-201|processed_pseudogene	0	+	LHFPL3	461
chr7	107134021	107134732	ENSG00000226624[1,1,1]	0	+	107134021	107134021	0	1	711,	0,	chr7	107134071	107134681	retro_human_4236|AC005099.1-201|processed_pseudogene	0	+	ATXN7L1	610
chr7	112729574	112730239	ENSG00000227948[1,1,1]	0	+	112729574	112729574	0	1	665,	0,	chr7	112729624	112730189	retro_human_4764|AC003989.1-201|processed_pseudogene	0	+	IMMP2L	565
chr7	126617835	126618310	ENSG00000213291[1,1,1]	0	-	126617835	126617835	0	1	475,	0,	chr7	126617885	126618260	retro_human_3484|AC010099.1-201|processed_pseudogene	0	-	POT1-AS1,LOC101928283	375
chr7	128180509	128182375	ENSG00000224981[1,1,1]	0	-	128181210	128181399	0	1	1866,	0,	chr7	128180559	128182325	AC000367.1-201|processed_pseudogene	0	-	GRM8	1766
chr7	130005577	130006151	ENSG00000239722[1,1,1]	0	+	130005577	130005577	0	1	574,	0,	chr7	130005627	130006101	IMP3P2-201|processed_pseudogene	0	+	GARIN1A	474
chr7	132837678	132838145	ENSG00000224545[1,1,1]	0	+	132837678	132837678	0	1	467,	0,	chr7	132837728	132838095	retro_human_6689|AC008264.1-201|processed_pseudogene	0	+	PODXL	367
chr7	138823016	138823191	ENSG00000279483[1,1,1]	0	+	138823016	138823016	0	1	175,	0,	chr7	138823066	138823141	AC090498.1-201|processed_pseudogene	0	+	DGKI	75
chr7	139030986	139031948	ENSG00000230383[1,1,1]	0	+	139030986	139030986	0	1	962,	0,	chr7	139031036	139031898	retro_human_7915|AC009245.1-201|processed_pseudogene	0	+	DGKI	862
chr7	139800257	139801138	ENSG00000234995[1,1,1]	0	-	139800257	139800257	0	1	881,	0,	chr7	139800307	139801088	retro_human_9799|RPS3AP28-201|processed_pseudogene	0	-	TRIM24	781
chr7	140001382	140002025	ENSG00000243099[1,1,1]	0	+	140001382	140001382	0	1	643,	0,	chr7	140001432	140001975	retro_human_1680|AC020983.1-201|processed_pseudogene	0	+	SVOPL	543
chr7	140362313	140362964	ENSG00000229677[1,1,1]	0	-	140362355	140362544	0	1	651,	0,	chr7	140362363	140362914	retro_human_9801|AC018644.1-201|processed_pseudogene	0	-	ZC3HAV1	551
chr7	153540370	153541613	ENSG00000241007[1,1,1]	0	+	153540370	153540370	0	1	1243,	0,	chr7	153540420	153541563	retro_human_8700|SEPTIN7P6-201|processed_pseudogene	0	+	KMT2C,MSTRG.5320	1143
chr8	12837051	12837932	ENSG00000242607[1,1,1]	0	-	12837051	12837051	0	1	881,	0,	chr8	12837105	12837882	retro_human_9654	0	-	LOC729732	777
chr8	12904516	12904791	ENSG00000255253[1,1,1]	0	+	12904516	12904516	0	1	275,	0,	chr8	12904566	12904741	AC068587.3-201|processed_pseudogene	0	+	LOC729732	175
chr8	14956187	14956525	ENSG00000255365[1,1,1]	0	+	14956187	14956187	0	1	338,	0,	chr8	14956237	14956475	retro_human_6358|AC040926.1-201|processed_pseudogene	0	+	SGCZ	238
chr8	29088242	29088659	ENSG00000242958[1,1,1]	0	+	29088242	29088242	0	1	417,	0,	chr8	29088292	29088609	retro_human_6796|AC040975.1-201|processed_pseudogene	0	+	INTS9	317
chr8	31035203	31035607	ENSG00000271081[1,1,1]	0	-	31035203	31035203	0	1	404,	0,	chr8	31035253	31035557	retro_human_7018|AC009314.1-201|processed_pseudogene	0	-	UBXN8	304
chr8	42754880	42755400	ENSG00000254131[1,1,1]	0	+	42754880	42754880	0	1	520,	0,	chr8	42754930	42755350	AC093367.1-201|processed_pseudogene	0	+	SLC20A2,MSTRG.5409	420
chr8	47532838	47533590	ENSG00000188873[1,1,1]	0	+	47532838	47532838	0	1	752,	0,	chr8	47532888	47533542	retro_human_5559|RPL10AP2-201|processed_pseudogene	0	+	AC120036.1	654
chr8	68603421	68603975	ENSG00000254051[1,1,1]	0	+	68603556	68603730	0	1	554,	0,	chr8	68603471	68603925	retro_human_7961|AC011853.1-201|processed_pseudogene	0	+	PREX2	454
chr8	72331040	72331480	ENSG00000241942[1,1,1]	0	+	72331040	72331040	0	1	440,	0,	chr8	72331090	72331430	retro_human_9608|RPS20P20-201|processed_pseudogene	0	+	MSC-AS1	340
chr8	73941146	73941623	ENSG00000254273[1,1,1]	0	-	73941357	73941615	0	1	477,	0,	chr8	73941194	73941573	AC018620.1-201|processed_pseudogene	0	-	STAU2	379
chr8	74020435	74020845	ENSG00000253383[1,1,1]	0	+	74020435	74020435	0	1	410,	0,	chr8	74020485	74020795	retro_human_9606|AC100784.1-201|processed_pseudogene	0	+	STAU2	310
chr8	74485095	74485961	ENSG00000240047[1,1,1]	0	+	74485095	74485095	0	1	866,	0,	chr8	74485145	74485911	retro_human_4137|RPS3AP32-201|processed_pseudogene	0	+	AC087672.2,LY96	766
chr8	75731707	75732086	ENSG00000253229[1,1,1]	0	+	75731707	75731707	0	1	379,	0,	chr8	75731757	75732036	retro_human_4139|HIGD1AP6-201|processed_pseudogene	0	+	CASC9	279
chr8	94354399	94354757	ENSG00000268080[1,1,1]	0	+	94354399	94354399	0	1	358,	0,	chr8	94354449	94354707	AC016885.3-201|processed_pseudogene	0	+	AC016885.1,LINC00535,LOC105375643	258
chr8	95813156	95813639	ENSG00000241003[1,1,1]	0	+	95813156	95813156	0	1	483,	0,	chr8	95813206	95813589	retro_human_10436|AC108860.1-201|processed_pseudogene	0	+	ESRP1	383
chr8	96528691	96528884	ENSG00000253945[1,1,1]	0	+	96528691	96528691	0	1	193,	0,	chr8	96528741	96528834	AC024995.1-201|processed_pseudogene	0	+	C8orf37-AS1,CFAP418-AS1	93
chr8	98913647	98913895	ENSG00000270682[1,1,1]	0	-	98913647	98913647	0	1	248,	0,	chr8	98913697	98913845	retro_human_665|AP003357.1-201|processed_pseudogene	0	-	LAPTM4B	148
chr8	99758626	99759045	ENSG00000254112[1,1,1]	0	+	99758626	99758626	0	1	419,	0,	chr8	99758676	99758995	retro_human_4951|AP003467.2-201|processed_pseudogene	0	+	LOC101928296,STK3	319
chr8	100929067	100929350	ENSG00000253912[1,1,1]	0	-	100929067	100929067	0	1	283,	0,	chr8	100929117	100929300	AC018442.3-201|processed_pseudogene	0	-	MSTRG.5482,VPS13B	183
chr8	103543839	103544914	ENSG00000253923[1,1,1]	0	+	103543839	103543839	0	1	1075,	0,	chr8	103543889	103544864	AP002981.1-201|processed_pseudogene	0	+	LOC105375683	975
chr8	124254173	124254850	ENSG00000253463[1,1,1]	0	+	124254267	124254420	0	1	677,	0,	chr8	124254223	124254800	retro_human_14|HMGB1P19-201|processed_pseudogene	0	+	TBC1D31	577
chr8	128419391	128419699	ENSG00000271509[1,1,1]	0	+	128419391	128419391	0	1	308,	0,	chr8	128419441	128419649	retro_human_5754|AC018714.1-201|processed_pseudogene	0	+	PCAT1,CASC8,CASC21	208
chr8	134639311	134639651	ENSG00000283176[1,1,1]	0	+	134639311	134639311	0	1	340,	0,	chr8	134639361	134639601	AC103706.2-201|processed_pseudogene	0	+	ST3GAL1	240
chr9	4808852	4810137	ENSG00000233186[1,1,1]	0	-	4808852	4808852	0	1	1285,	0,	chr9	4808902	4810087	retro_human_4730|KLF4P1-201|processed_pseudogene	0	-	RCL1	1185
chr9	6281643	6282078	ENSG00000228132[1,1,1]	0	+	6281643	6281643	0	1	435,	0,	chr9	6281693	6282028	retro_human_2385|AL360221.1-201|processed_pseudogene	0	+	LOC107987046	335
chr9	6731065	6731644	ENSG00000231108[1,1,1]	0	-	6731065	6731065	0	1	579,	0,	chr9	6731115	6731594	retro_human_4735|PRELID3BP11-201|processed_pseudogene	0	-	KDM4C	479
chr9	6830997	6832219	ENSG00000230581[1,1,1]	0	+	6831609	6832182	0	1	1222,	0,	chr9	6831047	6832169	retro_human_7840|ACTG1P14-201|processed_pseudogene	0	+	KDM4C	1122
chr9	19981046	19981902	ENSG00000277711[1,1,1]	0	-	19981046	19981046	0	1	856,	0,	chr9	19981096	19981852	retro_human_11041|AL591222.3-201|processed_pseudogene	0	-	SLC24A2	756
chr9	26890742	26891214	ENSG00000232466[1,1,1]	0	-	26890948	26891167	0	1	472,	0,	chr9	26890792	26891164	retro_human_11045|H3P31-201|processed_pseudogene	0	-	CAAP1	372
chr9	32942584	32943085	ENSG00000223807[1,1,1]	0	+	32942584	32942584	0	1	501,	0,	chr9	32942634	32943034	retro_human_3144|BOLA3P4-201|processed_pseudogene	0	+	APTX	400
chr9	37514078	37514651	ENSG00000230188[1,1,1]	0	-	37514078	37514078	0	1	573,	0,	chr9	37514128	37514601	retro_human_10230|AL158156.1-201|processed_pseudogene	0	-	POLR1E	473
chr9	39172417	39173766	ENSG00000271454[1,1,1]	0	+	39172417	39172417	0	1	1349,	0,	chr9	39172467	39173716	retro_human_9856|AL353729.2-201|processed_pseudogene	0	+	CNTNAP3	1249
chr9	43250766	43251083	ENSG00000274688[1,1,1]	0	-	43250766	43250766	0	1	317,	0,	chr9	43250816	43251033	AL591926.1-201|processed_pseudogene	0	-	LOC124906847	217
chr9	43250766	43251083	ENSG00000274688[1,1,1]	0	-	43250766	43250766	0	1	317,	0,	chr9	43251018	43251437	AL591926.4-201|processed_pseudogene	0	+	LOC124906847	65
chr9	83954656	83955300	ENSG00000271166[1,1,1]	0	+	83954656	83954656	0	1	644,	0,	chr9	83954706	83955250	retro_human_769|AL671309.1-201|processed_pseudogene	0	+	CEMIP2	544
chr9	99577067	99577427	ENSG00000228373[1,1,1]	0	+	99577067	99577067	0	1	360,	0,	chr9	99577117	99577377	retro_human_6975|AL353752.1-201|processed_pseudogene	0	+	LOC112268032	260
chr9	100545414	100545985	ENSG00000275017[1,1,1]	0	-	100545414	100545414	0	1	571,	0,	chr9	100545464	100545935	retro_human_6585|AL353748.2-201|processed_pseudogene	0	-	MSTRG.5643,SPIN1	471
chr9	108858748	108945807	ENSG00000224848[1,7,2]	0	+	108858748	108858748	255	3	352,165,570,	0,33991,86489,	chr9	108900888	108910164	retro_human_2654	0	+	AL589843.1	9276
chr9	140549204	140549922	ENSG00000223551[1,1,1]	0	+	140549217	140549385	0	1	718,	0,	chr9	140549254	140549872	retro_human_2870|TMSB4XP4-201|processed_pseudogene	0	+	SLC27A4	618
chr9	142929683	142930049	ENSG00000224797[1,1,1]	0	-	142929683	142929683	0	1	366,	0,	chr9	142929734	142929999	retro_human_11129|AL359092.1-201|processed_pseudogene	0	-	ABL1	265
chrX	11286619	11288187	ENSG00000223418[1,1,1]	0	-	11286619	11286619	0	1	1568,	0,	chrX	11286669	11288137	retro_human_4921|AC004554.1-201|processed_pseudogene	0	-	AC004554.2	1468
chrX	17287901	17288354	ENSG00000226153[1,1,1]	0	-	17287901	17287901	0	1	453,	0,	chrX	17287951	17288304	retro_human_4963|Z93242.1-201|processed_pseudogene	0	-	NHS	353
chrX	21005101	21005674	ENSG00000231913[1,1,1]	0	-	21005101	21005101	0	1	573,	0,	chrX	21005151	21005624	retro_human_5997|RARRES2P3-201|processed_pseudogene	0	-	CNKSR2	473
chrX	24216495	24216940	ENSG00000226222[1,1,1]	0	+	24216495	24216495	0	1	445,	0,	chrX	24216545	24216890	H2BP7-201|processed_pseudogene	0	+	PCYT1B	345
chrX	28961016	28961961	ENSG00000227393[1,1,1]	0	-	28961016	28961016	0	1	945,	0,	chrX	28961066	28961911	AL031575.1-201|processed_pseudogene	0	-	IL1RAPL1	845
chrX	47250782	47251622	ENSG00000224401[1,1,1]	0	-	47250782	47250782	0	1	840,	0,	chrX	47250832	47251572	retro_human_10738|RPL7P57-201|processed_pseudogene	0	-	ZNF81,MSTRG.5857	740
chrX	52349633	52350229	ENSG00000270497[1,1,1]	0	-	52349633	52349633	0	1	596,	0,	chrX	52349683	52350179	retro_human_10587|BX322635.1-201|processed_pseudogene	0	-	GPR173	496
chrX	90909925	90911308	ENSG00000215089[1,1,1]	0	+	90909972	90910554	0	1	1383,	0,	chrX	90909975	90911258	retro_human_9085|KRT18P11-201|processed_pseudogene	0	+	PCDH11X	1283
chrX	95392897	95393563	ENSG00000214628[1,1,1]	0	-	95392897	95392897	0	1	666,	0,	chrX	95392947	95393513	retro_human_8334|NDUFB5P2-201|processed_pseudogene	0	-	DIAPH2	566
chrX	126626732	126627600	ENSG00000235735[1,1,1]	0	+	126626732	126626732	0	1	868,	0,	chrX	126626782	126627550	retro_human_10508|RPL7AP72-201|processed_pseudogene	0	+	AL008633.1	768
chrX	137116763	137117581	ENSG00000235975[1,1,1]	0	+	137116763	137116763	0	1	818,	0,	chrX	137116813	137117531	retro_human_6221|Z83313.1-201|processed_pseudogene	0	+	FGF13	718
chrY	5253102	5254489	ENSG00000214207[1,1,1]	0	+	5253784	5254231	0	1	1387,	0,	chrY	5253152	5254439	retro_human_8675|KRT18P10-201|processed_pseudogene	0	+	PCDH11Y	1287
chr10	7834318	7834758	ENSG00000233990[1,1,1]	0	-	7834318	7834318	0	1	440,	0,	chr10	7834368	7834708	retro_human_7873|AL353754.1-201|processed_pseudogene	0	-	TAF3	340
chr10	10786435	10786974	ENSG00000228997[1,1,1]	0	-	10786435	10786435	0	1	539,	0,	chr10	10786485	10786924	retro_human_7878|AL136452.1-201|processed_pseudogene	0	-	CELF2	439
chr10	13883826	13884307	ENSG00000215227[1,1,1]	0	+	13883826	13883826	0	1	481,	0,	chr10	13883876	13884255	retro_human_10749|NUTF2P5-201|processed_pseudogene	0	+	FRMD4A	379
chr10	21047519	21049414	ENSG00000228753[1,1,1]	0	+	21047519	21047519	0	1	1895,	0,	chr10	21047569	21049364	retro_human_4441|EIF4BP2-201|processed_pseudogene	0	+	NEBL	1795
chr10	31944481	31945193	ENSG00000231148[1,1,1]	0	+	31944481	31944481	0	1	712,	0,	chr10	31944531	31945142	retro_human_4026|HMGB1P7-201|processed_pseudogene	0	+	ARHGAP12	611
chr10	34516977	34517373	ENSG00000234167[1,1,1]	0	-	34517095	34517359	0	1	396,	0,	chr10	34517027	34517323	retro_human_1286|ELOBP4-201|processed_pseudogene	0	-	MSTRG.656,PARD3	296
chr10	52168410	52169345	ENSG00000213659[1,1,1]	0	+	52168825	52169260	0	1	935,	0,	chr10	52168460	52169295	retro_human_7767|RSU1P3-201|processed_pseudogene	0	+	PRKG1	835
chr10	64216834	64217294	ENSG00000270421[1,1,1]	0	+	64216834	64216834	0	1	460,	0,	chr10	64216884	64217244	AC022022.2-201|processed_pseudogene	0	+	JMJD1C	360
chr10	64760162	64761057	ENSG00000213609[1,1,1]	0	-	64760162	64760162	0	1	895,	0,	chr10	64760212	64761007	retro_human_6411|RPL7AP50-201|processed_pseudogene	0	-	AC013287.1,LOC124902439	795
chr10	68829420	68830283	ENSG00000226318[1,1,1]	0	-	68829672	68829888	0	1	863,	0,	chr10	68829470	68830233	retro_human_646|RPS3AP38-201|processed_pseudogene	0	-	HERC4,MSTRG.696	763
chr10	73431538	73431831	ENSG00000230609[1,1,1]	0	+	73431538	73431538	0	1	293,	0,	chr10	73431588	73431781	retro_human_3054|AL513185.2-201|processed_pseudogene	0	+	MICU1	193
chr10	96062730	96063395	ENSG00000225533[1,1,1]	0	+	96062730	96062730	0	1	665,	0,	chr10	96062780	96063345	PAWRP1-201|processed_pseudogene	0	+	LOC107984257	565
chr10	97501919	97502850	ENSG00000227032[1,1,1]	0	-	97502550	97502793	0	1	931,	0,	chr10	97501969	97502800	retro_human_3367|RPS2P36-201|processed_pseudogene	0	-	PIK3AP1	831
chr10	110551732	110552069	ENSG00000270333[1,1,1]	0	+	110551732	110551732	0	1	337,	0,	chr10	110551782	110552019	AL390123.1-201|processed_pseudogene	0	+	XIAPP1	237
chr10	111820360	111821083	ENSG00000234118[1,1,1]	0	-	111820360	111820360	0	1	723,	0,	chr10	111820421	111821033	retro_human_8860|RPL13AP6-201|processed_pseudogene	0	-	MSTRG.812,SHOC2	612
chr10	113878725	113879215	ENSG00000227560[1,1,1]	0	+	113878895	113879030	0	1	490,	0,	chr10	113878775	113879165	retro_human_3408|RPS15AP30-201|processed_pseudogene	0	+	TCF7L2	390
chr11	17325865	17326838	ENSG00000197149[1,1,1]	0	+	17325865	17325865	0	1	973,	0,	chr11	17325915	17326788	retro_human_5905|AC107956.1-201|processed_pseudogene	0	+	NUCB2	873
chr11	18609042	18609575	ENSG00000256361[1,1,1]	0	-	18609042	18609042	0	1	533,	0,	chr11	18609092	18609525	retro_human_8588|AC027544.1-201|processed_pseudogene	0	-	TSG101	433
chr11	24832217	24832618	ENSG00000255489[1,1,1]	0	+	24832217	24832217	0	1	401,	0,	chr11	24832267	24832568	retro_human_138|AC115990.1-201|processed_pseudogene	0	+	LUZP2	301
chr11	32727259	32728338	ENSG00000270903[1,1,1]	0	-	32727259	32727259	0	1	1079,	0,	chr11	32727309	32728288	retro_human_2752|HNRNPA3P9-201|processed_pseudogene	0	-	EIF3M	979
chr11	35512526	35512836	ENSG00000215380[1,1,1]	0	+	35512526	35512526	0	1	310,	0,	chr11	35512576	35512786	retro_human_11030|AC090625.1-201|processed_pseudogene	0	+	SLC1A2	210
chr11	43621733	43622313	ENSG00000254463[1,1,1]	0	+	43621783	43622263	0	1	580,	0,	chr11	43621783	43622263	retro_human_11037|PPIAP41-201|processed_pseudogene	0	+	TTC17	480
chr11	47961061	47961373	ENSG00000271543[1,1,1]	0	+	47961061	47961061	0	1	312,	0,	chr11	47961112	47961323	AC021443.1-201|processed_pseudogene	0	+	MSTRG.968,NUP160	211
chr11	58917059	58917855	ENSG00000254877[1,1,1]	0	-	58917059	58917059	0	1	796,	0,	chr11	58917109	58917805	retro_human_1019|AP001636.2-201|processed_pseudogene	0	-	AP001636.3,GLYATL1,LOC283194	696
chr11	59091244	59091834	ENSG00000255381[1,1,1]	0	-	59091244	59091244	0	1	590,	0,	chr11	59091294	59091784	retro_human_6855|AP001258.1-201|processed_pseudogene	0	-	FAM111A-DT	490
chr11	63687888	63688157	ENSG00000271100[1,1,1]	0	-	63687888	63687888	0	1	269,	0,	chr11	63687938	63688107	AP000753.3-201|processed_pseudogene	0	-	RTN3	169
chr11	67187537	67188891	ENSG00000179038[2,1,2]	0	-	67187537	67187537	0	1	1354,	0,	chr11	67187243	67187801	AP001885.1-201|transcribed_processed_pseudogene	0	-	KDM2A	264
chr11	67187537	67188891	ENSG00000179038[2,1,2]	0	-	67187537	67187537	0	1	1354,	0,	chr11	67187587	67188842	AP001885.1-202|transcribed_processed_pseudogene	0	-	KDM2A	1255
chr11	72636370	72636850	ENSG00000244134[1,1,1]	0	+	72636370	72636370	0	1	480,	0,	chr11	72636420	72636800	retro_human_4889|RPS12P20-201|processed_pseudogene	0	+	MSTRG.1048,ARAP1	380
chr11	73381107	73381532	ENSG00000255786[1,1,1]	0	+	73381107	73381107	0	1	425,	0,	chr11	73381157	73381482	AP000763.1-201|processed_pseudogene	0	+	FAM168A	325
chr11	77848178	77848564	ENSG00000255115[1,1,1]	0	-	77848178	77848178	0	1	386,	0,	chr11	77848228	77848514	AP002812.4-201|processed_pseudogene	0	-	AAMDC,INTS4	286
chr11	90202804	90204517	ENSG00000214391[1,1,1]	0	+	90202804	90202804	0	1	1713,	0,	chr11	90202854	90204467	retro_human_5679|TUBAP2-201|processed_pseudogene	0	+	DISC1FP1	1613
chr11	93451807	93452244	ENSG00000234106[1,1,1]	0	+	93451807	93451807	0	1	437,	0,	chr11	93451857	93452194	retro_human_5673|SRP14P2-201|processed_pseudogene	0	+	SMCO4	337
chr11	103407357	103408113	ENSG00000255417[1,1,1]	0	-	103407357	103407357	0	1	756,	0,	chr11	103407407	103408063	MTCO2P15-201|processed_pseudogene	0	-	DYNC2H1	656
chr11	111681054	111682603	ENSG00000235286[1,1,1]	0	-	111681054	111681054	0	1	1549,	0,	chr11	111681104	111682553	retro_human_3196|AP000925.1-201|processed_pseudogene	0	-	MSTRG.1121,SIK2	1449
chr11	112046818	112047155	ENSG00000271025[1,1,1]	0	-	112046818	112046818	0	1	337,	0,	chr11	112046868	112047105	retro_human_9216|AP000907.3-201|processed_pseudogene	0	-	DLAT	237
chr11	113761391	113761662	ENSG00000243353[1,1,1]	0	-	113761391	113761391	0	1	271,	0,	chr11	113761441	113761612	retro_human_2289|RPS29P19-201|processed_pseudogene	0	-	ZW10	171
chr11	119026038	119026346	ENSG00000254909[1,1,1]	0	-	119026038	119026038	0	1	308,	0,	chr11	119026088	119026296	AP003392.2-201|processed_pseudogene	0	-	CCDC84,CENATAC	208
chr11	120642901	120643335	ENSG00000255006[1,1,1]	0	-	120642901	120642901	0	1	434,	0,	chr11	120642951	120643285	retro_human_614|ELOCP22-201|processed_pseudogene	0	-	GRIK4	334
chr11	126408144	126408365	ENSG00000278215[1,1,1]	0	-	126408144	126408144	0	1	221,	0,	chr11	126408194	126408315	AP001318.3-201|processed_pseudogene	0	-	ST3GAL4	121
chr12	7451206	7453804	ENSG00000255836[2,1,2]	0	-	7452794	7453376	0	1	2598,	0,	chr12	7452167	7453378	retro_human_5508|AC131206.1-201|processed_pseudogene	0	-	CD163L1	1211
chr12	7452117	7453428	ENSG00000255836[1,1,1]	0	-	7452794	7453376	0	1	1311,	0,	chr12	7452167	7453378	retro_human_5508|AC131206.1-201|processed_pseudogene	0	-	CD163L1	1211
chr12	7452877	7453804	ENSG00000255836[2,1,3]	0	-	7453586	7453742	0	1	927,	0,	chr12	7452167	7453378	retro_human_5508|AC131206.1-201|processed_pseudogene	0	-	CD163L1	501
chr12	7874658	7875086	ENSG00000241828[1,1,1]	0	+	7874658	7874658	0	1	428,	0,	chr12	7874708	7875036	retro_human_10774|AC006517.1-201|processed_pseudogene	0	+	SLC2A14	328
chr12	8147301	8148479	ENSG00000235602[1,1,1]	0	-	8147301	8147301	0	1	1178,	0,	chr12	8147351	8148429	retro_human_11126|POU5F1P3-201|processed_pseudogene	0	-	CLEC4A,AC006511.5	1078
chr12	12118014	12118551	ENSG00000270857[1,1,1]	0	+	12118014	12118014	0	1	537,	0,	chr12	12118064	12118501	retro_human_3057|AC007621.1-201|processed_pseudogene	0	+	LOC101929053,LRP6	437
chr12	12874052	12878586	ENSG00000183935[1,1,2]	0	+	12874052	12874052	0	1	4534,	0,	chr12	12875205	12876540	retro_human_7246|HTR7P1-201|transcribed_processed_pseudogene	0	+	AC023790.2,GPRC5D-AS1	1335
chr12	15849098	15849918	ENSG00000256134[1,1,1]	0	-	15849098	15849098	0	1	820,	0,	chr12	15849148	15849868	retro_human_2474|EGLN3P1-201|processed_pseudogene	0	-	DERA	720
chr12	16999064	16999909	ENSG00000242991[1,1,1]	0	+	16999064	16999064	0	1	845,	0,	chr12	16999114	16999859	retro_human_9953|RPL7P40-201|processed_pseudogene	0	+	AC092110.1	745
chr12	19295635	19295982	ENSG00000271462[1,1,1]	0	-	19295635	19295635	0	1	347,	0,	chr12	19295697	19295932	retro_human_2481|AC091805.2-201|processed_pseudogene	0	-	AEBP2	235
chr12	22980051	22980187	ENSG00000256353[1,1,1]	0	-	22980051	22980051	0	1	136,	0,	chr12	22980101	22980137	AC087258.1-201|processed_pseudogene	0	-	AC084816.1	36
chr12	25308593	25309351	ENSG00000256079[1,1,1]	0	-	25308593	25308593	0	1	758,	0,	chr12	25308643	25309301	FAM133GP-201|processed_pseudogene	0	-	LMNTD1	658
chr12	27480349	27480763	ENSG00000256557[1,1,1]	0	-	27480349	27480349	0	1	414,	0,	chr12	27480399	27480713	AC009509.4-201|processed_pseudogene	0	-	PPFIBP1	314
chr12	27574022	27574691	ENSG00000230519[1,1,1]	0	+	27574022	27574022	0	1	669,	0,	chr12	27574072	27574641	retro_human_9540|HMGB1P49-201|processed_pseudogene	0	+	AC009509.2,MRPS35-DT	569
chr12	31411202	31411832	ENSG00000225349[1,1,1]	0	-	31411403	31411733	0	1	630,	0,	chr12	31411252	31411782	ANKRD49P2-201|processed_pseudogene	0	-	DENND5B	530
chr12	31773429	31773833	ENSG00000244436[1,1,1]	0	+	31773429	31773429	0	1	404,	0,	chr12	31773479	31773783	AC023050.1-201|processed_pseudogene	0	+	LINC02422	304
chr12	32568740	32569185	ENSG00000257643[1,1,1]	0	-	32568740	32568740	0	1	445,	0,	chr12	32568790	32569135	AC084824.2-201|processed_pseudogene	0	-	DNM1L	345
chr12	34085998	34087359	ENSG00000258794[1,1,1]	0	-	34085998	34085998	0	1	1361,	0,	chr12	34086048	34087309	retro_human_9336|DUX4L27-201|processed_pseudogene	0	-	AC140847.2	1261
chr12	38028162	38028733	ENSG00000257173[1,1,1]	0	-	38028162	38028162	0	1	571,	0,	chr12	38028212	38028683	retro_human_9335|AK6P2-201|processed_pseudogene	0	-	AK6P2	471
chr12	49556260	49558634	ENSG00000257243[2,1,2]	0	+	49556260	49556260	0	1	2374,	0,	chr12	49557408	49557949	retro_human_8381|AC020612.1-201|processed_pseudogene	0	+	FAM186B,PRPF40B	541
chr12	51675952	51677190	ENSG00000257851[1,1,1]	0	-	51675952	51675952	0	1	1238,	0,	chr12	51676002	51677140	retro_human_10175|HNRNPA3P10-201|processed_pseudogene	0	-	SCN8A,MSTRG.1287	1138
chr12	51864085	51864957	ENSG00000258021[1,1,1]	0	+	51864085	51864085	0	1	872,	0,	chr12	51864135	51864907	AC025259.2-201|processed_pseudogene	0	+	LOC102724178	772
chr12	63850397	63850803	ENSG00000242087[1,1,1]	0	-	63850397	63850397	0	1	406,	0,	chr12	63850447	63850753	retro_human_616|RPL36AP41-201|processed_pseudogene	0	-	SRGAP1	306
chr12	63866038	63867358	ENSG00000256399[1,1,1]	0	-	63866038	63866038	0	1	1320,	0,	chr12	63866088	63867308	AC079866.1-201|processed_pseudogene	0	-	SRGAP1	1220
chr12	64011126	64011480	ENSG00000255780[1,1,1]	0	+	64011126	64011126	0	1	354,	0,	chr12	64011176	64011430	AC020611.1-201|processed_pseudogene	0	+	SRGAP1	254
chr12	65397712	65399109	ENSG00000215208[1,1,1]	0	-	65397712	65397712	0	1	1397,	0,	chr12	65397762	65399059	retro_human_1791|KRT18P60-201|processed_pseudogene	0	-	MSRB3	1297
chr12	74147714	74149200	ENSG00000258320[1,1,1]	0	+	74147714	74147714	0	1	1486,	0,	chr12	74147764	74149150	retro_human_9554|AC090502.3-201|processed_pseudogene	0	+	LINC02882	1386
chr12	88039702	88040505	ENSG00000257752[1,1,1]	0	-	88040085	88040307	0	1	803,	0,	chr12	88039752	88040455	AC091516.1-201|processed_pseudogene	0	-	CEP290,LOC124902977	703
chr12	93295742	93296975	ENSG00000257512[1,1,2]	0	+	93295742	93295742	0	1	1233,	0,	chr12	93295792	93296925	AC124947.2-201|transcribed_processed_pseudogene	0	+	LOC643339	1133
chr12	93295742	93296975	ENSG00000257512[1,1,2]	0	+	93295742	93295742	0	1	1233,	0,	chr12	93296554	93296687	AC124947.2-202|transcribed_processed_pseudogene	0	+	LOC643339	133
chr12	98767386	98767966	ENSG00000258204[1,1,1]	0	+	98767386	98767386	0	1	580,	0,	chr12	98767436	98767916	retro_human_3283|AC008126.1-201|processed_pseudogene	0	+	ANKS1B	480
chr12	110438631	110439106	ENSG00000241680[1,1,1]	0	+	110438631	110438631	0	1	475,	0,	chr12	110438681	110439056	retro_human_3700|RPL31P49-201|processed_pseudogene	0	+	GPN3	375
chr12	112278727	112279621	ENSG00000213152[1,1,1]	0	-	112278780	112279410	0	1	894,	0,	chr12	112278777	112279571	retro_human_11159|RPL7AP60-201|processed_pseudogene	0	-	HECTD4	794
chr12	116149991	116150305	ENSG00000257979[1,1,1]	0	+	116149991	116149991	0	1	314,	0,	chr12	116150041	116150255	retro_human_11239|SNRPGP18-201|processed_pseudogene	0	+	MED13L,MSTRG.1460	214
chr12	118233301	118234280	ENSG00000240342[1,1,1]	0	+	118233301	118233301	0	1	979,	0,	chr12	118233351	118234230	retro_human_11242|RPS2P5-201|processed_pseudogene	0	+	TAOK3	879
chr12	120234577	120235009	ENSG00000240925[1,1,1]	0	+	120234577	120234577	0	1	432,	0,	chr12	120234627	120234959	retro_human_5737|RPS20P31-201|processed_pseudogene	0	+	PXN,MSTRG.1470	332
chr12	120438900	120439367	ENSG00000219355[1,1,1]	0	-	120438900	120438900	0	1	467,	0,	chr12	120438950	120439317	retro_human_4474|RPL31P52-201|processed_pseudogene	0	-	AL021546.1,GATC	367
chr12	124007336	124007791	ENSG00000256827[1,1,1]	0	-	124007336	124007336	0	1	455,	0,	chr12	124007386	124007741	retro_human_2619|AC068790.1-201|processed_pseudogene	0	-	ZNF664,AC068790.8,RFLNA,ZNF664-RFLNA	355
chr12	124385800	124386030	ENSG00000255965[1,1,1]	0	+	124385800	124385800	0	1	230,	0,	chr12	124385850	124385980	AC073916.1-201|processed_pseudogene	0	+	MSTRG.1496,NCOR2	130
chr12	133182744	133183318	ENSG00000240991[1,1,1]	0	+	133182744	133182744	0	1	574,	0,	chr12	133182794	133183268	retro_human_526|RPL23AP67-201|processed_pseudogene	0	+	ZNF891	474
chr13	25790772	25791662	ENSG00000234031[1,1,1]	0	+	25790822	25791176	0	1	890,	0,	chr13	25790822	25791612	retro_human_312|RPS3AP44-201|processed_pseudogene	0	+	WASF3	790
chr13	42612902	42613303	ENSG00000232540[1,1,1]	0	+	42612902	42612902	0	1	401,	0,	chr13	42612952	42613253	retro_human_6460|RPL36P19-201|processed_pseudogene	0	+	ENOX1	301
chr13	44483695	44484021	ENSG00000270381[1,1,1]	0	+	44483762	44483921	0	1	326,	0,	chr13	44483745	44483971	retro_human_1420|AL138963.2-201|processed_pseudogene	0	+	GTF2F2	226
chr13	47524027	47553579	ENSG00000139687[1,2,2]	0	+	47524246	47553374	0	3	356,127,250,	0,3586,29302,	chr13	47537179	47540792	PPP1R26P1-201|processed_pseudogene	0	-	RB1,MSTRG.1576	3613
chr13	47537129	47540842	ENSG00000238086[1,1,1]	0	-	47537129	47537129	0	1	3713,	0,	chr13	47537179	47540792	PPP1R26P1-201|processed_pseudogene	0	-	RB1,MSTRG.1576	3613
chr13	49319864	49320502	ENSG00000214359[1,1,1]	0	+	49319864	49319864	0	1	638,	0,	chr13	49319914	49320452	retro_human_6886|RPL18P10-201|processed_pseudogene	0	+	DLEU1,DLEU2	538
chr13	92598709	92599688	ENSG00000235784[1,1,1]	0	-	92598709	92598709	0	1	979,	0,	chr13	92598759	92599638	retro_human_8041|HNRNPA1P29-201|processed_pseudogene	0	-	GPC6	879
chr13	94898490	94899103	ENSG00000227714[1,1,1]	0	-	94898490	94898490	0	1	613,	0,	chr13	94898540	94899053	MTND6P18-201|processed_pseudogene	0	-	DNAJC3	513
chr13	97761891	97762529	ENSG00000271437[1,1,1]	0	+	97761891	97761891	0	1	638,	0,	chr13	97761941	97762479	retro_human_8273|AL356423.1-201|processed_pseudogene	0	+	STK24	538
chr13	98081584	98081948	ENSG00000275919[1,1,1]	0	+	98081584	98081584	0	1	364,	0,	chr13	98081634	98081898	AL161420.1-201|processed_pseudogene	0	+	DOCK9	264
chr13	104034861	104035704	ENSG00000225823[1,1,1]	0	+	104034861	104034861	0	1	843,	0,	chr13	104034911	104035654	retro_human_2408|RPL7P45-201|processed_pseudogene	0	+	LOC107984606	743
chr13	112382023	112383762	ENSG00000230371[1,1,1]	0	+	112383421	112383673	0	1	1739,	0,	chr13	112382073	112383712	retro_human_7866|KARS1P2-201|processed_pseudogene	0	+	F10	1639
chr14	13684890	13686659	ENSG00000278301[1,1,1]	0	+	13684890	13684890	0	1	1769,	0,	chr14	13684940	13686609	retro_human_8863|GRAMD4P3-201|processed_pseudogene	0	+	LINC01297,LINC01297-DUXAP10-NBEAP6	1669
chr14	13868588	13869864	ENSG00000257846[1,1,1]	0	+	13868588	13868588	0	1	1276,	0,	chr14	13868351	13868867	AL512310.5-1|processed_pseudogene	0	-	AL512310.4,LOC100420171	279
chr14	13868588	13869864	ENSG00000257846[1,1,1]	0	+	13868588	13868588	0	1	1276,	0,	chr14	13868638	13869814	retro_human_2398|AL512310.6-1|processed_pseudogene	0	+	AL512310.4,LOC100420171	1176
chr14	29406557	29406918	ENSG00000282625[1,1,1]	0	-	29406557	29406557	0	1	361,	0,	chr14	29406607	29406868	MRPL57P8-201|processed_pseudogene	0	-	PRORP,AL121594.1,PRORP-PSMA6	261
chr14	29953484	29954900	ENSG00000257957[1,1,1]	0	+	29953484	29953484	0	1	1416,	0,	chr14	29953534	29954850	retro_human_3543|QRSL1P3-201|processed_pseudogene	0	+	RALGAPA1	1316
chr14	33279524	33279825	ENSG00000259121[1,1,1]	0	+	33279524	33279524	0	1	301,	0,	chr14	33279574	33279775	retro_human_3538|AL109628.1-201|processed_pseudogene	0	+	SEC23A,MSTRG.1676	201
chr14	33558848	33559426	ENSG00000271424[1,1,1]	0	-	33558848	33558848	0	1	578,	0,	chr14	33558898	33559376	retro_human_8516|AL157791.2-201|processed_pseudogene	0	-	MIA2	478
chr14	41399254	41399888	ENSG00000244053[1,1,1]	0	-	41399512	41399731	0	1	634,	0,	chr14	41399308	41399838	retro_human_2021|RPL13AP2-201|processed_pseudogene	0	-	MDGA2	530
chr14	46324645	46325139	ENSG00000258981[1,1,1]	0	+	46324645	46324645	0	1	494,	0,	chr14	46324695	46325089	retro_human_763|COX5AP2-201|processed_pseudogene	0	+	LINC02319	394
chr14	47079310	47080170	ENSG00000271075[1,1,1]	0	+	47079310	47079310	0	1	860,	0,	chr14	47079360	47080120	retro_human_760|AL139317.4-201|processed_pseudogene	0	+	FERMT2,AL139317.5,LOC105370500	760
chr14	49487469	49487917	ENSG00000239686[1,1,1]	0	-	49487469	49487469	0	1	448,	0,	chr14	49487519	49487867	retro_human_10727|AL158801.1-201|processed_pseudogene	0	-	FBXO34	348
chr14	52670953	52671219	ENSG00000258650[1,1,1]	0	+	52671088	52671196	0	1	266,	0,	chr14	52671003	52671169	retro_human_8435|HSBP1P1-201|processed_pseudogene	0	+	KIAA0586	166
chr14	64092925	64093826	ENSG00000242071[1,1,1]	0	-	64092925	64092925	0	1	901,	0,	chr14	64092975	64093776	retro_human_6874|RPL7AP6-201|processed_pseudogene	0	-	SMOC1	801
chr14	65237008	65237393	ENSG00000258930[1,1,1]	0	-	65237008	65237008	0	1	385,	0,	chr14	65237058	65237343	AC005230.1-201|transcribed_processed_pseudogene	0	-	PCNX1	285
chr14	67395204	67395546	ENSG00000259109[1,1,1]	0	+	67395263	67395404	0	1	342,	0,	chr14	67395254	67395496	AC004858.1-201|processed_pseudogene	0	+	PSEN1	242
chr14	68867114	68867756	ENSG00000258439[1,1,1]	0	+	68867114	68867114	0	1	642,	0,	chr14	68867164	68867706	retro_human_1125|AC007956.2-201|processed_pseudogene	0	+	AREL1	542
chr14	69325758	69326033	ENSG00000258978[1,1,1]	0	-	69325758	69325758	0	1	275,	0,	chr14	69325808	69325983	HIF1AP1-201|processed_pseudogene	0	-	ZC2HC1C,NEK9,MSTRG.1769	175
chr14	96204928	96205266	ENSG00000259013[1,1,1]	0	-	96204928	96204928	0	1	338,	0,	chr14	96204978	96205216	retro_human_671|AL118558.2-201|processed_pseudogene	0	-	DYNC1H1	238
chr14	97277669	97278395	ENSG00000213176[1,1,1]	0	+	97277669	97277669	0	1	726,	0,	chr14	97277719	97278345	retro_human_3457|RPL13P6-201|processed_pseudogene	0	+	MSTRG.1828,CDC42BPB	626
chr14	97648009	97648752	ENSG00000244691[1,1,1]	0	-	97648009	97648009	0	1	743,	0,	chr14	97648059	97648702	retro_human_8090|RPL10AP1-201|processed_pseudogene	0	-	MARK3	643
chr14	99622070	99622524	ENSG00000242085[1,1,1]	0	+	99622232	99622493	0	1	454,	0,	chr14	99622120	99622474	retro_human_435|RPS20P33-201|processed_pseudogene	0	+	PACS2	354
chr15	26058364	26058874	ENSG00000256338[1,1,1]	0	+	26058364	26058364	0	1	510,	0,	chr15	26058414	26058823	RPL41P2-201|processed_pseudogene	0	+	HERC2	409
chr15	32200273	32200711	ENSG00000260639[1,1,1]	0	+	32200273	32200273	0	1	438,	0,	chr15	32200323	32200661	AC025678.1-201|processed_pseudogene	0	+	GOLGA8A	338
chr15	38914907	38915308	ENSG00000259547[1,1,1]	0	+	38914907	38914907	0	1	401,	0,	chr15	38914957	38915258	retro_human_5317|CYCSP2-201|processed_pseudogene	0	+	INO80	301
chr15	40922943	40923834	ENSG00000205871[1,1,1]	0	-	40922943	40922943	0	1	891,	0,	chr15	40922992	40923784	retro_human_2781|RPS3AP47-201|processed_pseudogene	0	-	AC068724.4	792
chr15	46533475	46534065	ENSG00000259216[1,1,1]	0	+	46533475	46533475	0	1	590,	0,	chr15	46533525	46534015	retro_human_10604|AC084757.1-201|processed_pseudogene	0	+	CEP152	490
chr15	49158819	49159012	ENSG00000270378[1,1,1]	0	-	49158819	49158819	0	1	193,	0,	chr15	49158869	49158962	AC020891.4-201|processed_pseudogene	0	-	GLDN	93
chr15	62914905	62915272	ENSG00000259258[1,1,1]	0	+	62914905	62914905	0	1	367,	0,	chr15	62914955	62915222	retro_human_7417|AC013553.1-201|processed_pseudogene	0	+	UBAP1L	267
chr15	63284639	63285036	ENSG00000259232[1,1,1]	0	-	63284692	63284974	0	1	397,	0,	chr15	63284689	63284986	AC105129.1-201|processed_pseudogene	0	-	DPP8	297
chr15	69165107	69165762	ENSG00000212664[1,1,1]	0	-	69165107	69165107	0	1	655,	0,	chr15	69165157	69165712	retro_human_6490|AC064799.1-201|processed_pseudogene	0	-	AC064799.2,THSD4	555
chr15	71300282	71301127	ENSG00000259186[1,1,1]	0	-	71300282	71300282	0	1	845,	0,	chr15	71300332	71301077	retro_human_8884|MRPS15P1-201|processed_pseudogene	0	-	REC114	745
chr15	73821135	73821917	ENSG00000260685[1,1,1]	0	-	73821166	73821265	0	1	782,	0,	chr15	73821185	73821866	retro_human_6219|AC027104.1-201|processed_pseudogene	0	-	NRG4	681
chr15	74343219	74343587	ENSG00000261232[1,1,1]	0	+	74343219	74343219	0	1	368,	0,	chr15	74343269	74343537	retro_human_794|AC090751.1-201|processed_pseudogene	0	+	SCAPER	268
chr15	76153048	76153845	ENSG00000259562[1,1,1]	0	-	76153636	76153768	0	1	797,	0,	chr15	76153098	76153795	retro_human_2989|AC090607.2-201|transcribed_processed_pseudogene	0	-	WDR61,SKIC8	697
chr15	79249410	79249895	ENSG00000284709[1,1,1]	0	+	79249410	79249410	0	1	485,	0,	chr15	79249460	79249845	KF456110.1-201|processed_pseudogene	0	+	TMC3-AS1	385
chr15	83523047	83523321	ENSG00000259195[1,1,1]	0	+	83523047	83523047	0	1	274,	0,	chr15	83523097	83523271	AC021739.1-201|processed_pseudogene	0	+	KLHL25	174
chr15	97101609	97102334	ENSG00000259257[1,1,1]	0	+	97101801	97102191	0	1	725,	0,	chr15	97101659	97102284	retro_human_4583|AC037479.1-201|processed_pseudogene	0	+	LRRC28	625
chr16	3867710	3868293	ENSG00000262516[1,1,1]	0	+	3867710	3867710	0	1	583,	0,	chr16	3867760	3868243	retro_human_9986|AC007151.1-201|processed_pseudogene	0	+	CREBBP	483
chr16	4462352	4462638	ENSG00000275515[1,1,1]	0	-	4462352	4462352	0	1	286,	0,	chr16	4462402	4462588	AC012676.2-201|processed_pseudogene	0	-	DNAJA3	186
chr16	5290294	5290752	ENSG00000260817[1,1,1]	0	-	5290294	5290294	0	1	458,	0,	chr16	5290344	5290702	retro_human_4411|AC074051.2-201|processed_pseudogene	0	-	RBFOX1	358
chr16	14860725	14861195	ENSG00000270734[1,1,1]	0	-	14860725	14860725	0	1	470,	0,	chr16	14860775	14861145	retro_human_6067|AC136443.5-201|processed_pseudogene	0	-	NOMO1	370
chr16	16553406	16554137	ENSG00000261362[1,1,1]	0	-	16553406	16553406	0	1	731,	0,	chr16	16553456	16554087	retro_human_6070|AC136619.2-201|processed_pseudogene	0	-	AC136431.1	631
chr16	18177534	18178238	ENSG00000260933[1,1,1]	0	+	18177534	18177534	0	1	704,	0,	chr16	18177584	18178188	retro_human_11218|AC091489.2-201|processed_pseudogene	0	+	AC091489.1	604
chr16	18464548	18465048	ENSG00000262974[1,1,1]	0	+	18464548	18464548	0	1	500,	0,	chr16	18464598	18464998	retro_human_11222|AC136618.2-201|processed_pseudogene	0	+	MSTRG.2109,NOMO2	400
chr16	25365068	25383135	ENSG00000260448[2,5,2]	0	-	25365068	25365068	0	2	233,258,	0,17809,	chr16	25372907	25374777	retro_human_9754|AC133552.3-201|processed_pseudogene	0	+	LCMT1-AS1	1870
chr16	25372857	25374827	ENSG00000262700[1,1,1]	0	+	25372857	25372857	0	1	1970,	0,	chr16	25372907	25374777	retro_human_9754|AC133552.3-201|processed_pseudogene	0	+	LCMT1-AS1	1870
chr16	28391563	28392138	ENSG00000260452[1,1,1]	0	-	28391563	28391563	0	1	575,	0,	chr16	28391613	28392088	retro_human_6438|TPRKBP2-201|processed_pseudogene	0	-	XPO6,MSTRG.2140	475
chr16	53361843	53363738	ENSG00000261336[1,1,1]	0	-	53361843	53361843	0	1	1895,	0,	chr16	53361893	53363688	retro_human_5656|EIF4BP5-201|processed_pseudogene	0	-	PHKB	1795
chr16	53557533	53557775	ENSG00000260497[1,1,1]	0	-	53557533	53557533	0	1	242,	0,	chr16	53557583	53557725	AC141846.1-201|processed_pseudogene	0	-	LINC02133	142
chr16	55562099	55562434	ENSG00000259978[1,1,1]	0	+	55562099	55562099	0	1	335,	0,	chr16	55562149	55562384	MRPS21P8-201|processed_pseudogene	0	+	ZNF423	235
chr16	73651678	73651935	ENSG00000262141[1,1,1]	0	-	73651678	73651678	0	1	257,	0,	chr16	73651728	73651885	AC040162.2-201|processed_pseudogene	0	-	NUTF2	157
chr16	74482580	74482952	ENSG00000261395[1,1,1]	0	+	74482610	74482745	0	1	372,	0,	chr16	74482630	74482902	retro_human_6093|HSPE1P5-201|transcribed_processed_pseudogene	0	+	CDH3	272
chr16	74830229	74832386	ENSG00000244378[2,1,2]	0	+	74830435	74830879	0	1	2157,	0,	chr16	74829968	74830815	retro_human_6088|RPS2P45-202|transcribed_processed_pseudogene	0	+	MSTRG.2216,TANGO6	586
chr16	74830229	74832386	ENSG00000244378[2,1,2]	0	+	74830435	74830879	0	1	2157,	0,	chr16	74830279	74832336	RPS2P45-201|transcribed_processed_pseudogene	0	+	MSTRG.2216,TANGO6	2057
chr16	78546376	78547755	ENSG00000261764[1,1,1]	0	+	78546376	78546376	0	1	1379,	0,	chr16	78546426	78547705	retro_human_5939|KRT18P18-201|transcribed_processed_pseudogene	0	+	AC004943.2,ZFHX3-AS1	1279
chr16	83948301	83948895	ENSG00000261330[1,1,1]	0	+	83948353	83948680	0	1	594,	0,	chr16	83948351	83948845	retro_human_547|PPIAP50-201|processed_pseudogene	0	+	VAT1L	494
chr16	87536792	87537389	ENSG00000260229[1,1,1]	0	-	87536792	87536792	0	1	597,	0,	chr16	87536842	87537339	retro_human_2988|PPIAP51-201|processed_pseudogene	0	-	PPIAP51,CMIP	497
chr16	96258833	96260323	ENSG00000260528[6,9,11]	0	+	96258833	96258833	255	1	1490,	0,	chr16	96258844	96259174	AC018638.1-1|processed_pseudogene	0	-	FAM157C	330
chr16	96258833	96260323	ENSG00000260528[6,9,11]	0	+	96258833	96258833	255	1	1490,	0,	chr16	96259151	96259906	AL627309.6-201|processed_pseudogene	0	+	FAM157C	755
chr16	96259016	96260323	ENSG00000260528[7,9,11]	0	+	96259016	96259016	255	1	1307,	0,	chr16	96258844	96259174	AC018638.1-1|processed_pseudogene	0	-	FAM157C	158
chr16	96259016	96260323	ENSG00000260528[7,9,11]	0	+	96259016	96259016	255	1	1307,	0,	chr16	96259151	96259906	AL627309.6-201|processed_pseudogene	0	+	FAM157C	755
chr16	96259543	96260323	ENSG00000260528[8,9,11]	0	+	96259543	96259543	255	1	780,	0,	chr16	96259151	96259906	AL627309.6-201|processed_pseudogene	0	+	FAM157C	363
chr17	845375	845808	ENSG00000263017[1,1,1]	0	+	845375	845375	0	1	433,	0,	chr17	845425	845758	retro_human_5156|AC036164.1-201|processed_pseudogene	0	+	NXN	333
chr17	8466485	8467077	ENSG00000270606[1,1,1]	0	+	8466485	8466485	0	1	592,	0,	chr17	8466535	8467027	retro_human_5862|PPIAP52-201|processed_pseudogene	0	+	MYH10,MSTRG.2345	492
chr17	18255436	18261863	ENSG00000177302[1,10,14]	0	-	18255584	18261584	0	2	310,459,	0,5968,	chr17	18258708	18259456	retro_human_235|RPL7AP65-201|processed_pseudogene	0	+	TOP3A	748
chr17	18258658	18259506	ENSG00000228000[1,1,1]	0	+	18258658	18258658	0	1	848,	0,	chr17	18258708	18259456	retro_human_235|RPL7AP65-201|processed_pseudogene	0	+	TOP3A	748
chr17	19394048	19395031	ENSG00000189343[1,1,1]	0	-	19394048	19394048	0	1	983,	0,	chr17	19394098	19394981	retro_human_4570|RPS2P46-201|processed_pseudogene	0	-	AC004448.2,LOC105371574	883
chr17	29057600	29057868	ENSG00000240873[1,1,1]	0	-	29057600	29057600	0	1	268,	0,	chr17	29057650	29057818	retro_human_2932|RPS29P22-201|processed_pseudogene	0	-	NLK	168
chr17	30718566	30719621	ENSG00000265713[1,1,1]	0	-	30718896	30718998	0	1	1055,	0,	chr17	30718616	30719571	retro_human_8770|AC023389.2-201|transcribed_processed_pseudogene	0	-	AC023389.1,MSTRG.2397,SSH2	955
chr17	32970295	32970510	ENSG00000264497[1,1,1]	0	-	32970295	32970295	0	1	215,	0,	chr17	32970345	32970460	AC090616.4-201|processed_pseudogene	0	-	LRRC37B	115
chr17	34983136	34986425	ENSG00000226049[1,1,1]	0	-	34984126	34985356	0	1	3289,	0,	chr17	34983186	34986375	retro_human_8763|TLK2P1-201|processed_pseudogene	0	-	AC024610.2,AC004147.4,LOC107987247,ASIC2	3189
chr17	43571386	43571831	ENSG00000239671[1,1,1]	0	+	43571386	43571386	0	1	445,	0,	chr17	43571436	43571781	retro_human_9671|AC100793.1-201|processed_pseudogene	0	+	EZH1	345
chr17	48021475	48022378	ENSG00000239291[1,1,1]	0	-	48021528	48021984	0	1	903,	0,	chr17	48021525	48022328	retro_human_4260|AC002558.1-201|processed_pseudogene	0	-	MSTRG.2480,CDC27	803
chr17	49900427	49900835	ENSG00000251550[1,1,1]	0	+	49900537	49900819	0	1	408,	0,	chr17	49900477	49900785	retro_human_9848|AC091133.5-201|processed_pseudogene	0	+	IGF2BP1,MSTRG.2489	308
chr17	50658396	50658823	ENSG00000235183[1,1,1]	0	+	50658446	50658776	0	1	427,	0,	chr17	50658446	50658773	retro_human_9842|SRP14P3-201|processed_pseudogene	0	+	KAT7	327
chr17	54556789	54557371	ENSG00000262384[1,1,1]	0	-	54556789	54556789	0	1	582,	0,	chr17	54556839	54557321	retro_human_3848|AC034268.1-201|processed_pseudogene	0	-	AC034268.2	482
chr17	61114179	61114639	ENSG00000241157[1,1,1]	0	-	61114245	61114422	0	1	460,	0,	chr17	61114229	61114589	AC104763.1-201|processed_pseudogene	0	-	MSTRG.2518,USP32	360
chr17	61184722	61185204	ENSG00000271626[1,1,1]	0	+	61184722	61184722	0	1	482,	0,	chr17	61184772	61185154	retro_human_1274|H3P42-201|processed_pseudogene	0	+	MSTRG.2518,USP32	382
chr17	61678885	61680283	ENSG00000267083[1,1,1]	0	+	61679107	61679461	0	1	1398,	0,	chr17	61678935	61680233	retro_human_3524|KRT18P61-201|processed_pseudogene	0	+	BCAS3	1298
chr17	64507157	64507770	ENSG00000263883[1,1,1]	0	+	64507213	64507555	0	1	613,	0,	chr17	64507207	64507720	retro_human_10637|EEF1DP7-201|transcribed_processed_pseudogene	0	+	MAP3K3	513
chr17	65775606	65775842	ENSG00000271974[1,1,1]	0	-	65775609	65775726	0	1	236,	0,	chr17	65775656	65775792	RDM1P4-201|transcribed_processed_pseudogene	0	-	LRRC37A3,AC103810.2,LOC105376844	136
chr17	75951871	75952101	ENSG00000270993[1,1,1]	0	-	75951871	75951871	0	1	230,	0,	chr17	75951921	75952051	AC111186.1-201|processed_pseudogene	0	-	KCTD2	130
chr18	7295411	7296400	ENSG00000263716[1,1,1]	0	+	7295411	7295411	0	1	989,	0,	chr18	7295461	7296350	SLC25A51P2-201|processed_pseudogene	0	+	SLC25A51P2	889
chr18	12612421	12617525	ENSG00000134278[4,6,2]	0	-	12612608	12617401	0	5	443,137,28,71,211,	0,2800,3030,3613,4893,	chr18	12613413	12614009	retro_human_5700|AP001029.3-201|processed_pseudogene	0	+	SPIRE1,MSTRG.2622	596
chr18	12612421	12615627	ENSG00000134278[3,5,2]	0	-	12612608	12615511	0	3	443,137,176,	0,2800,3030,	chr18	12613413	12614009	retro_human_5700|AP001029.3-201|processed_pseudogene	0	+	SPIRE1,MSTRG.2622	596
chr18	12613363	12614059	ENSG00000267515[1,1,1]	0	+	12613363	12613363	0	1	696,	0,	chr18	12613413	12614009	retro_human_5700|AP001029.3-201|processed_pseudogene	0	+	SPIRE1,MSTRG.2622	596
chr18	22039630	22040078	ENSG00000243303[1,1,1]	0	-	22039630	22039630	0	1	448,	0,	chr18	22039680	22040028	retro_human_7477|AC103987.1-201|processed_pseudogene	0	-	MIB1	348
chr18	23904046	23904609	ENSG00000267301[1,1,1]	0	-	23904046	23904046	0	1	563,	0,	chr18	23904096	23904559	retro_human_5958|RPL23AP77-201|processed_pseudogene	0	-	LAMA3	463
chr18	31914678	31917537	ENSG00000265158[1,1,2]	0	+	31914678	31914678	0	1	2859,	0,	chr18	31916573	31916928	retro_human_9808|AC017100.2-201|processed_pseudogene	0	-	LOC124908036	355
chr18	34765775	34766412	ENSG00000267585[1,1,1]	0	-	34765775	34765775	0	1	637,	0,	chr18	34765825	34766362	retro_human_9804|AC013290.1-201|processed_pseudogene	0	-	DTNA	537
chr18	39530585	39531486	ENSG00000175886[1,1,1]	0	-	39530585	39530585	0	1	901,	0,	chr18	39530635	39531436	retro_human_3873|RPL7AP66-201|processed_pseudogene	0	-	MIR924HG	801
chr18	46219221	46220843	ENSG00000267293[1,1,1]	0	+	46219221	46219221	0	1	1622,	0,	chr18	46219271	46220793	retro_human_7707|AC012569.1-201|processed_pseudogene	0	+	PSTPIP2	1522
chr18	60352489	60353379	ENSG00000242060[1,1,1]	0	+	60352489	60352489	0	1	890,	0,	chr18	60352539	60353329	retro_human_7577|RPS3AP49-201|processed_pseudogene	0	+	AC090771.2	790
chr18	63620307	63621560	ENSG00000267430[1,1,1]	0	-	63621156	63621366	0	1	1253,	0,	chr18	63620357	63621510	retro_human_8969|AC036176.2-201|processed_pseudogene	0	-	VPS4B	1153
chr18	69209332	69210090	ENSG00000264236[1,1,1]	0	-	69209332	69209332	0	1	758,	0,	chr18	69209382	69210040	retro_human_3095|AC096708.1-201|processed_pseudogene	0	-	CCDC102B	658
chr18	71810127	71810575	ENSG00000264388[1,1,1]	0	+	71810127	71810127	0	1	448,	0,	chr18	71810177	71810525	AC090312.1-201|processed_pseudogene	0	+	LOC107985179	348
chr19	12636484	12636719	ENSG00000235686[1,1,1]	0	+	12636484	12636484	0	1	235,	0,	chr19	12636534	12636669	PPIAP20-201|processed_pseudogene	0	+	AC008758.1,ZNF709	135
chr19	13015561	13020518	ENSG00000105607[1,10,6]	0	+	13016342	13018021	0	6	93,125,144,63,171,74,	0,161,721,1006,2373,4883,	chr19	13018584	13019333	retro_human_1597|RPS6P25-201|processed_pseudogene	0	+	GCDH	749
chr19	13018534	13019383	ENSG00000240616[1,1,1]	0	+	13018584	13018960	0	1	849,	0,	chr19	13018584	13019333	retro_human_1597|RPS6P25-201|processed_pseudogene	0	+	GCDH	749
chr19	14754857	14755160	ENSG00000275432[1,1,1]	0	+	14754857	14754857	0	1	303,	0,	chr19	14754907	14755110	AC022149.2-201|processed_pseudogene	0	+	ADGRE3	203
chr19	16547448	16548439	ENSG00000240418[1,1,1]	0	+	16547448	16547448	0	1	991,	0,	chr19	16547498	16548389	retro_human_1237|AC020917.1-201|processed_pseudogene	0	+	EPS15L1	891
chr19	17551727	17553085	ENSG00000254503[1,1,1]	0	-	17551727	17551727	0	1	1358,	0,	chr19	17551777	17553035	AC010319.1-201|processed_pseudogene	0	-	AC010319.4,MVB12A,BISPR	1258
chr19	19906382	19906741	ENSG00000267693[1,1,1]	0	+	19906382	19906382	0	1	359,	0,	chr19	19906432	19906691	AC011477.4-201|processed_pseudogene	0	+	LINC00663,AC011477.8,AC011477.3	259
chr19	20008407	20009084	ENSG00000270270[1,1,1]	0	-	20008407	20008407	0	1	677,	0,	chr19	20008457	20009034	retro_human_1659|BNIP3P10-201|processed_pseudogene	0	-	ZNF253	577
chr19	20224308	20224972	ENSG00000274612[1,1,1]	0	-	20224308	20224308	0	1	664,	0,	chr19	20224358	20224922	retro_human_5055|AC011447.5-201|processed_pseudogene	0	-	ZNF90	564
chr19	20274236	20274637	ENSG00000270716[1,1,1]	0	+	20274236	20274236	0	1	401,	0,	chr19	20274286	20274587	retro_human_11153|BNIP3P15-201|processed_pseudogene	0	+	AC011447.3,AC011447.2	301
chr19	20405266	20405941	ENSG00000269055[1,1,1]	0	+	20405266	20405266	0	1	675,	0,	chr19	20405316	20405891	retro_human_10445|BNIP3P18-201|processed_pseudogene	0	+	AC011447.3,LOC105372310	575
chr19	20553974	20554630	ENSG00000268174[1,1,1]	0	+	20553974	20553974	0	1	656,	0,	chr19	20554024	20554580	retro_human_6508|BNIP3P22-201|processed_pseudogene	0	+	LOC124904663,ZNF826P	556
chr19	20580688	20581299	ENSG00000268335[1,1,1]	0	-	20580688	20580688	0	1	611,	0,	chr19	20580738	20581249	retro_human_5058|BNIP3P23-201|processed_pseudogene	0	-	AC008554.1,LOC105372317	511
chr19	21288302	21289193	ENSG00000240522[1,1,1]	0	-	21288302	21288302	0	1	891,	0,	chr19	21288352	21289143	retro_human_5061|RPL7AP10-201|processed_pseudogene	0	-	ZNF431	791
chr19	21456822	21457481	ENSG00000268322[1,1,1]	0	+	21456822	21456822	0	1	659,	0,	chr19	21456872	21457431	retro_human_4544|BNIP3P25-201|processed_pseudogene	0	+	ZNF708	559
chr19	21659858	21660512	ENSG00000268705[1,1,1]	0	-	21659858	21659858	0	1	654,	0,	chr19	21659908	21660462	retro_human_10961|BNIP3P26-201|processed_pseudogene	0	-	ZNF429	554
chr19	21889303	21892096	ENSG00000269845[1,1,2]	0	+	21889303	21889303	0	1	2793,	0,	chr19	21889453	21890526	CCNYL6-202|transcribed_processed_pseudogene	0	+	ZNF100	1073
chr19	23371084	23371728	ENSG00000268469[1,1,1]	0	+	23371084	23371084	0	1	644,	0,	chr19	23371134	23371678	retro_human_4961|BNIP3P38-201|processed_pseudogene	0	+	ZNF724,AC092329.3	544
chr19	24248561	24249218	ENSG00000268058[1,1,1]	0	-	24248561	24248561	0	1	657,	0,	chr19	24248611	24249167	retro_human_9265|BNIP3P40-201|processed_pseudogene	0	-	ZNF254	556
chr19	30437980	30438279	ENSG00000267768[1,1,1]	0	-	30437980	30437980	0	1	299,	0,	chr19	30438030	30438229	AC006504.6-201|processed_pseudogene	0	-	AC005357.2,AC006504.5,LINC02987	199
chr19	35154786	35155284	ENSG00000242325[1,1,1]	0	+	35154786	35154786	0	1	498,	0,	chr19	35154836	35155234	retro_human_9|RPS12P31-201|processed_pseudogene	0	+	ANKRD27,MSTRG.2823	398
chr19	35570155	35570442	ENSG00000267611[1,1,1]	0	+	35570155	35570155	0	1	287,	0,	chr19	35570205	35570392	AC008521.1-201|processed_pseudogene	0	+	RHPN2	187
chr19	56303457	56304464	ENSG00000267809[1,1,1]	0	-	56303457	56303457	0	1	1007,	0,	chr19	56303507	56304414	retro_human_1979|NDUFV2P1-201|processed_pseudogene	0	-	LOC124908091	907
chr19	57540057	57540375	ENSG00000235681[1,1,1]	0	+	57540057	57540057	0	1	318,	0,	chr19	57540107	57540325	retro_human_4156|AC245884.3-201|processed_pseudogene	0	+	LENG8-AS1	218
chr19	59480579	59481144	ENSG00000267781[1,1,1]	0	+	59480579	59480579	0	1	565,	0,	chr19	59480629	59481094	retro_human_4801|SLC25A36P1-201|processed_pseudogene	0	+	ZNF582	465
chr19	60761158	60762018	ENSG00000269097[1,1,1]	0	+	60761158	60761158	0	1	860,	0,	chr19	60761208	60761968	retro_human_5981|TPRG1LP1-201|processed_pseudogene	0	+	ZSCAN4	760
chr19	61415640	61416953	ENSG00000269794[1,1,1]	0	+	61415640	61415640	0	1	1313,	0,	chr19	61415690	61416903	retro_human_549|AC010642.1-201|processed_pseudogene	0	+	AC010642.2,LOC105372480	1213
chr19	61463978	61477470	ENSG00000152475[1,1,1]	0	-	61464150	61465743	0	3	1794,110,141,	0,2251,13351,	chr19	61464163	61465911	retro_human_7102	0	-	ZNF837	1748
chr19	61463978	61477470	ENSG00000152475[1,2,1]	0	-	61464150	61465743	0	3	1794,212,141,	0,2149,13351,	chr19	61464163	61465911	retro_human_7102	0	-	ZNF837	1748
chr20	8973005	8973249	ENSG00000228438[1,1,1]	0	-	8973005	8973005	0	1	244,	0,	chr20	8973055	8973199	retro_human_7637|AL445567.1-201|processed_pseudogene	0	-	PLCB1	144
chr20	20718347	20718702	ENSG00000213384[1,1,1]	0	+	20718347	20718347	0	1	355,	0,	chr20	20718397	20718652	EIF4E2P1-201|processed_pseudogene	0	+	RALGAPA2	255
chr20	35939836	35942334	ENSG00000214185[1,1,1]	0	-	35939836	35939836	0	1	2498,	0,	chr20	35939886	35942284	retro_human_10104|XPOTP1-201|processed_pseudogene	0	-	ASIP	2398
chr20	38746044	38746386	ENSG00000231241[1,1,1]	0	-	38746210	38746354	0	1	342,	0,	chr20	38746094	38746336	RPS3AP3-201|processed_pseudogene	0	-	RBL1	242
chr20	45256453	45256865	ENSG00000234271[1,1,1]	0	-	45256453	45256453	0	1	412,	0,	chr20	45256503	45256815	retro_human_10506|Z98752.2-201|processed_pseudogene	0	-	L3MBTL1,AL031681.3	312
chr20	48898887	48899850	ENSG00000215450[1,1,1]	0	-	48898887	48898887	0	1	963,	0,	chr20	48898937	48899800	retro_human_10904|AL022342.1-201|processed_pseudogene	0	-	EYA2	863
chr20	63826717	63827345	ENSG00000235018[1,1,1]	0	-	63826744	63826942	0	1	628,	0,	chr20	63826767	63827295	retro_human_9495|AL137077.1-201|processed_pseudogene	0	-	TAF4	528
chr21	5712387	5712691	ENSG00000279381[1,1,1]	0	+	5712387	5712387	0	1	304,	0,	chr21	5712437	5712641	CR392039.2-201|processed_pseudogene	0	+	TEKT4P2	204
chr21	31706764	31707390	ENSG00000226501[1,1,1]	0	+	31706970	31707243	0	1	626,	0,	chr21	31706814	31707340	retro_human_7163|USF1P1-201|processed_pseudogene	0	+	IFNAR1	526
chr21	34551760	34553071	ENSG00000228149[1,1,1]	0	-	34551760	34551760	0	1	1311,	0,	chr21	34551810	34553021	retro_human_9141|RPL3P1-201|processed_pseudogene	0	-	CBR3-AS1,DOP1B,MSTRG.3603	1211
chr21	34771412	34771747	ENSG00000224421[1,1,1]	0	-	34771412	34771412	0	1	335,	0,	chr21	34771462	34771697	retro_human_7686|ATP5MFP1-201|processed_pseudogene	0	-	CHAF1B	235
chr22	17770349	17770777	ENSG00000235328[1,1,1]	0	-	17770349	17770349	0	1	428,	0,	chr22	17770399	17770727	retro_human_9271|AC006946.1-201|processed_pseudogene	0	-	IL17RA	328
chr22	18752929	18753239	ENSG00000236890[1,1,1]	0	-	18752929	18752929	0	1	310,	0,	chr22	18752979	18753189	AC016027.5-201|processed_pseudogene	0	-	PEX26	210
chr22	19372482	19373040	ENSG00000271275[1,1,1]	0	-	19372482	19372482	0	1	558,	0,	chr22	19372532	19372990	AC007326.1-201|processed_pseudogene	0	-	DGCR5	458
chr22	20169113	20170014	ENSG00000235776[1,1,1]	0	+	20169113	20169113	0	1	901,	0,	chr22	20169163	20169964	retro_human_3496|AC000089.1-201|processed_pseudogene	0	+	GNB1L	801
chr22	20264109	20264891	ENSG00000232926[1,1,1]	0	+	20264109	20264109	0	1	782,	0,	chr22	20264159	20264841	retro_human_8117|AC000078.1-201|processed_pseudogene	0	+	TXNRD2	682
chr22	21061385	21063506	ENSG00000238125[1,1,1]	0	+	21061385	21061385	0	1	2121,	0,	chr22	21061435	21063456	retro_human_8106|SLC9A3P2-201|processed_pseudogene	0	+	SMPD4P1	2021
chr22	23685579	23687918	ENSG00000230701[1,1,1]	0	+	23685998	23686463	0	1	2339,	0,	chr22	23685629	23687868	retro_human_3325|FBXW4P1-201|processed_pseudogene	0	+	BCR	2239
chr22	30568393	30568808	ENSG00000226573[1,1,1]	0	-	30568393	30568393	0	1	415,	0,	chr22	30568443	30568758	retro_human_3028|AC003071.1-201|processed_pseudogene	0	-	HORMAD2	315
chr22	32002927	32003265	ENSG00000229169[1,1,1]	0	-	32002927	32002927	0	1	338,	0,	chr22	32002977	32003215	retro_human_3955|AL096701.2-201|processed_pseudogene	0	-	SFI1	238
chr22	41270178	41270525	ENSG00000233603[1,1,1]	0	+	41270178	41270178	0	1	347,	0,	chr22	41270228	41270475	retro_human_3506|JTBP1-201|processed_pseudogene	0	+	SLC25A17	247
chr22	41664611	41665173	ENSG00000215771[1,1,1]	0	-	41664611	41664611	0	1	562,	0,	chr22	41664661	41665123	LRRC37A14P-201|processed_pseudogene	0	-	EP300-AS1	462
chr22	44242020	44242832	ENSG00000233157[1,1,1]	0	-	44242265	44242445	0	1	812,	0,	chr22	44242070	44242782	retro_human_4670|Z97055.1-201|processed_pseudogene	0	-	EFCAB6	712
