chr1	23017521	23020457	ENSG00000179546[2,2,1]	0	-	23018766	23019897	0	1	2936,	0,	chr1	23018791	23019798	retro_human_10542	0	-	HTR1D	1007
chr1	25696962	25701342	ENSG00000236528[1,3,3]	0	+	25696962	25696962	255	2	346,1840,	0,2540,	chr1	25700368	25701204	retro_human_10536	0	-	PAQR7	836
chr1	34617634	34621200	ENSG00000189280[1,2,1]	0	+	34619968	34620787	255	2	199,1253,	0,2313,	chr1	34619993	34620586	retro_human_5602	0	+	GJB5	593
chr1	34617634	34621200	ENSG00000189280[1,1,1]	0	+	34619968	34620787	0	2	199,1256,	0,2310,	chr1	34619993	34620586	retro_human_5602	0	+	GJB5	593
chr1	34643792	34649048	ENSG00000188910[1,1,1]	0	+	34647391	34648201	0	2	615,1682,	0,3574,	chr1	34647395	34648018	retro_human_5603	0	+	GJB3	623
chr1	34644044	34649048	ENSG00000188910[3,1,1]	0	+	34647391	34648201	0	2	363,1682,	0,3322,	chr1	34647395	34648018	retro_human_5603	0	+	GJB3	623
chr1	34644856	34649048	ENSG00000188910[2,2,1]	0	+	34647391	34648201	0	2	215,1682,	0,2510,	chr1	34647395	34648018	retro_human_5603	0	+	GJB3	623
chr1	34655577	34658424	ENSG00000187513[1,2,1]	0	+	34656842	34657841	0	2	120,1694,	0,1153,	chr1	34656843	34657460	retro_human_5600	0	+	GJA4	617
chr1	34655577	34658424	ENSG00000187513[1,1,1]	0	+	34656842	34657841	0	2	120,1599,	0,1248,	chr1	34656843	34657460	retro_human_5600	0	+	GJA4	617
chr1	37911738	37914021	ENSG00000185668[1,1,2]	0	-	37912568	37913921	0	1	2283,	0,	chr1	37912698	37913180	retro_human_4650	0	-	POU3F1	482
chr1	38740632	38743518	ENSG00000228436[2,5,3]	0	+	38740632	38740632	0	2	188,336,	0,2550,	chr1	38742651	38743340	retro_human_4648	0	-	GJA9	689
chr1	38741642	38743643	ENSG00000131233[2,2,2]	0	-	38741795	38743340	0	1	2001,	0,	chr1	38742651	38743340	retro_human_4648	0	-	GJA9	689
chr1	44676996	44677879	ENSG00000188396[2,3,1]	0	-	44677159	44677822	0	1	883,	0,	chr1	44677166	44677552	retro_human_6704	0	-	TCTEX1D4	386
chr1	58453346	58455266	ENSG00000184292[1,1,1]	0	-	58454151	58455120	0	1	1920,	0,	chr1	58454161	58455030	retro_human_2309	0	-	TACSTD2	869
chr1	58453346	58455787	ENSG00000184292[2,1,1]	0	-	58454151	58455120	0	1	2441,	0,	chr1	58454161	58455030	retro_human_2309	0	-	TACSTD2	869
chr1	67923296	67928136	ENSG00000162595[1,1,1]	0	-	67924071	67924758	0	2	1527,130,	0,4710,	chr1	67924072	67924647	retro_human_6883	0	-	DIRAS3	575
chr1	67923645	67929226	ENSG00000162595[2,1,2]	0	-	67924071	67924758	0	2	1178,1220,	0,4361,	chr1	67924072	67924647	retro_human_6883	0	-	DIRAS3	575
chr1	67923645	67928136	ENSG00000162595[1,1,2]	0	-	67924071	67924758	0	2	1178,130,	0,4361,	chr1	67924072	67924647	retro_human_6883	0	-	DIRAS3	575
chr1	101085675	101091224	ENSG00000170989[1,6,4]	0	+	101085675	101085675	0	3	285,84,334,	0,4874,5215,	chr1	101087930	101088892	retro_human_421	0	+	S1PR1	962
chr1	101085675	101092627	ENSG00000170989[1,6,3]	0	+	101091676	101091910	0	3	285,84,1737,	0,4874,5215,	chr1	101087930	101088892	retro_human_421	0	+	S1PR1	962
chr1	101085675	101091224	ENSG00000170989[1,5,4]	0	+	101087845	101088991	0	2	177,3542,	0,2007,	chr1	101087930	101088892	retro_human_421	0	+	S1PR1	962
chr1	101085675	101090429	ENSG00000170989[1,5,1]	0	+	101087845	101088991	0	2	177,2747,	0,2007,	chr1	101087930	101088892	retro_human_421	0	+	S1PR1	962
chr1	101085675	101088430	ENSG00000170989[1,5,2]	0	+	101085675	101085675	0	2	177,748,	0,2007,	chr1	101087930	101088892	retro_human_421	0	+	S1PR1	500
chr1	101085675	101091224	ENSG00000170989[1,1,4]	0	+	101087845	101088991	0	2	285,3542,	0,2007,	chr1	101087930	101088892	retro_human_421	0	+	S1PR1	962
chr1	101085675	101090429	ENSG00000170989[1,1,1]	0	+	101087845	101088991	0	2	285,2747,	0,2007,	chr1	101087930	101088892	retro_human_421	0	+	S1PR1	962
chr1	101086308	101090429	ENSG00000170989[2,2,1]	0	+	101087845	101088991	0	2	318,2747,	0,1374,	chr1	101087930	101088892	retro_human_421	0	+	S1PR1	962
chr1	101086900	101090429	ENSG00000170989[3,3,1]	0	+	101087845	101088991	0	2	212,2747,	0,782,	chr1	101087930	101088892	retro_human_421	0	+	S1PR1	962
chr1	101087145	101090429	ENSG00000170989[4,4,1]	0	+	101087845	101088991	0	2	141,2747,	0,537,	chr1	101087930	101088892	retro_human_421	0	+	S1PR1	962
chr1	107094076	107100291	ENSG00000198890[1,2,6]	0	+	107094168	107095293	0	2	1284,2641,	0,3574,	chr1	107094295	107095272	retro_human_5367	0	+	PRMT6	977
chr1	107094076	107098668	ENSG00000198890[1,2,5]	0	+	107094168	107095293	0	2	1284,1018,	0,3574,	chr1	107094295	107095272	retro_human_5367	0	+	PRMT6	977
chr1	107094076	107098668	ENSG00000198890[1,1,5]	0	+	107094168	107095293	0	1	4592,	0,	chr1	107094295	107095272	retro_human_5367	0	+	PRMT6	977
chr1	107094076	107096544	ENSG00000198890[1,1,4]	0	+	107094168	107095293	0	1	2468,	0,	chr1	107094295	107095272	retro_human_5367	0	+	PRMT6	977
chr1	107094076	107096797	ENSG00000198890[1,1,1]	0	+	107094168	107095293	0	1	2721,	0,	chr1	107094295	107095272	retro_human_5367	0	+	PRMT6	977
chr1	107094839	107098137	ENSG00000198890[3,2,2]	0	+	107094858	107095293	0	2	521,487,	0,2811,	chr1	107094295	107095272	retro_human_5367	0	+	PRMT6	433
chr1	109572544	109578617	ENSG00000156097[1,3,2]	0	+	109575745	109577098	0	3	132,2218,584,	0,2600,5489,	chr1	109575893	109576819	retro_human_34	0	+	GPR61	926
chr1	110122515	110124120	ENSG00000186150[1,1,1]	0	+	110122657	110123179	0	1	1605,	0,	chr1	110122658	110123071	retro_human_36	0	+	UBL4B	413
chr1	110532204	110534265	ENSG00000143105[1,1,1]	0	-	110532294	110533827	0	1	2061,	0,	chr1	110532427	110533566	retro_human_7084	0	-	KCNA10	1139
chr1	110687157	110689733	ENSG00000177272[1,1,1]	0	-	110687827	110689552	0	1	2576,	0,	chr1	110688047	110689237	retro_human_1264	0	-	KCNA3	1190
chr1	145076205	145079460	ENSG00000272031[2,4,1]	0	-	145077086	145078574	255	2	2489,225,	0,3030,	chr1	145078182	145078553	retro_human_5387	0	-	ANKRD34A	371
chr1	147047014	147051518	ENSG00000265107[1,1,1]	0	+	147048428	147049502	0	2	154,3123,	0,1381,	chr1	147048429	147049133	retro_human_2518	0	+	GJA5	704
chr1	147047014	147050622	ENSG00000265107[1,1,3]	0	+	147048428	147049502	0	2	154,2227,	0,1381,	chr1	147048429	147049133	retro_human_2518	0	+	GJA5	704
chr1	149008546	149010870	ENSG00000184678[1,1,1]	0	-	149010400	149010778	0	1	2324,	0,	chr1	149010400	149010679	retro_human_9307	0	-	H2BC21	279
chr1	149011005	149011599	ENSG00000184260[1,1,1]	0	+	149011112	149011499	0	1	594,	0,	chr1	149011160	149011472	retro_human_8748	0	+	H2AC20	312
chr1	149011556	149012153	ENSG00000184270[1,1,1]	0	-	149011664	149012054	0	1	597,	0,	chr1	149011694	149011928	retro_human_9306	0	-	H2AC21	234
chr1	149023659	149024990	ENSG00000178096[1,4,1]	0	+	149024575	149024701	0	2	155,726,	0,605,	chr1	149024307	149024543	retro_human_8745	0	+	BOLA1	236
chr1	149023659	149024990	ENSG00000178096[1,1,1]	0	+	149024201	149024612	0	2	155,839,	0,492,	chr1	149024307	149024543	retro_human_8745	0	+	BOLA1	236
chr1	149023659	149024990	ENSG00000178096[1,3,1]	0	+	149024201	149024612	0	2	213,1006,	0,325,	chr1	149024307	149024543	retro_human_8745	0	+	BOLA1	236
chr1	159175286	159179624	ENSG00000177807[5,8,2]	0	-	159177605	159179602	0	2	2385,721,	0,3617,	chr1	159178586	159179527	retro_human_4130	0	-	KCNJ10	941
chr1	181409885	181417130	ENSG00000179930[1,1,1]	0	-	181411672	181413376	0	2	3554,195,	0,7050,	chr1	181411715	181412644	retro_human_6302	0	-	ZNF648	929
chr1	227645440	227646435	ENSG00000181218[1,1,2]	0	-	227645939	227646329	0	1	995,	0,	chr1	227645952	227646263	retro_human_9130	0	-	H2AW	311
chr1	227646564	227649032	ENSG00000196890[1,1,4]	0	+	227646641	227647019	0	1	2468,	0,	chr1	227646740	227647019	retro_human_2742	0	+	H2BU1	279
chr2	10941645	10944037	ENSG00000162975[1,1,1]	0	+	10942188	10943670	0	1	2392,	0,	chr2	10942189	10943493	retro_human_1489	0	+	KCNF1	1304
chr2	10942018	10944037	ENSG00000162975[2,1,1]	0	+	10942188	10943670	0	1	2019,	0,	chr2	10942189	10943493	retro_human_1489	0	+	KCNF1	1304
chr2	54249373	54252516	ENSG00000178021[1,1,1]	0	-	54251164	54252388	0	1	3143,	0,	chr2	54251249	54252142	retro_human_3168	0	-	TSPYL6	893
chr2	54249559	54252516	ENSG00000178021[1,1,2]	0	-	54251164	54252388	0	1	2957,	0,	chr2	54251249	54252142	retro_human_3168	0	-	TSPYL6	893
chr2	73653726	73655526	ENSG00000144035[1,1,1]	0	-	73654001	73654682	0	2	1030,155,	0,1645,	chr2	73654086	73654613	retro_human_3965	0	-	NAT8	527
chr2	105316641	105319805	ENSG00000198914[3,1,1]	0	+	105316691	105318191	0	1	3164,	0,	chr2	105317616	105318089	retro_human_7165	0	+	POU3F3	473
chr2	113923144	113925736	ENSG00000184492[1,1,1]	0	+	113923786	113925010	0	1	2592,	0,	chr2	113924072	113924371	retro_human_10820	0	+	FOXD4L1	299
chr2	130407053	130410174	ENSG00000225449[2,1,4]	0	-	130407053	130407053	0	1	3121,	0,	chr2	130409773	130410397	retro_human_10398	0	+	RAB6C	401
chr2	130408114	130410174	ENSG00000225449[2,3,3]	0	-	130408114	130408114	255	2	1713,233,	0,1827,	chr2	130409773	130410397	retro_human_10398	0	+	RAB6C	401
chr2	130408114	130410174	ENSG00000225449[2,1,3]	0	-	130408114	130408114	0	1	2060,	0,	chr2	130409773	130410397	retro_human_10398	0	+	RAB6C	401
chr2	130409273	130412435	ENSG00000222014[1,1,1]	0	+	130409773	130410535	0	1	3162,	0,	chr2	130409773	130410397	retro_human_10398	0	+	RAB6C	624
chr2	131795769	131798953	ENSG00000233087[1,1,2]	0	-	131797669	131798431	0	1	3184,	0,	chr2	131797807	131798431	retro_human_5101	0	-	RAB6D	624
chr2	168326739	168331937	ENSG00000172318[2,2,1]	0	+	168326881	168327859	0	1	5198,	0,	chr2	168327089	168327859	retro_human_1113	0	+	B3GALT1	770
chr2	202515413	202519362	ENSG00000155760[2,1,1]	0	+	202515524	202517246	0	1	3949,	0,	chr2	202515669	202517210	retro_human_7883	0	+	FZD7	1541
chr2	202515570	202519362	ENSG00000155760[3,1,1]	0	+	202515836	202517246	0	1	3792,	0,	chr2	202515669	202517210	retro_human_7883	0	+	FZD7	1541
chr2	202515570	202518589	ENSG00000155760[3,1,2]	0	+	202515836	202517246	0	1	3019,	0,	chr2	202515669	202517210	retro_human_7883	0	+	FZD7	1541
chr2	202515722	202519362	ENSG00000155760[4,1,1]	0	+	202515836	202517246	0	1	3640,	0,	chr2	202515669	202517210	retro_human_7883	0	+	FZD7	1488
chr2	202515722	202518589	ENSG00000155760[4,1,2]	0	+	202515836	202517246	0	1	2867,	0,	chr2	202515669	202517210	retro_human_7883	0	+	FZD7	1488
chr2	202515946	202519362	ENSG00000155760[5,1,1]	0	+	202516250	202517246	0	1	3416,	0,	chr2	202515669	202517210	retro_human_7883	0	+	FZD7	1264
chr2	202515946	202518589	ENSG00000155760[5,1,2]	0	+	202516250	202517246	0	1	2643,	0,	chr2	202515669	202517210	retro_human_7883	0	+	FZD7	1264
chr2	218648480	218652702	ENSG00000163464[1,1,1]	0	-	218649851	218650901	0	2	2454,105,	0,4117,	chr2	218649954	218650895	retro_human_57	0	-	CXCR1	941
chr2	218648966	218652702	ENSG00000163464[1,1,2]	0	-	218649851	218650901	0	2	1968,105,	0,3631,	chr2	218649954	218650895	retro_human_57	0	-	CXCR1	941
chr3	49746064	49749020	ENSG00000176020[1,1,1]	0	-	49747239	49748751	0	1	2956,	0,	chr3	49748056	49748652	retro_human_76	0	-	AMIGO3	596
chr3	163451688	163453077	ENSG00000179674[1,2,1]	0	+	163451787	163452501	255	2	205,1016,	0,373,	chr3	163451959	163452459	retro_human_6643	0	+	ARL14	500
chr3	163451688	163453077	ENSG00000179674[1,1,1]	0	+	163451925	163452501	0	1	1389,	0,	chr3	163451959	163452459	retro_human_6643	0	+	ARL14	500
chr3	186072087	186077983	ENSG00000176597[3,3,2]	0	+	186076690	186077824	0	2	328,1594,	0,4302,	chr3	186076931	186077749	retro_human_1225	0	+	B3GNT5	818
chr3	187525500	187527304	ENSG00000177383[1,1,1]	0	-	187526087	187527011	0	1	1804,	0,	chr3	187526190	187526768	retro_human_10947	0	-	MAGEF1	578
chr4	6691180	6692771	ENSG00000186222[1,1,1]	0	+	6691266	6691917	0	1	1591,	0,	chr4	6691447	6691896	retro_human_10139	0	+	BLOC1S4	449
chr4	9781356	9783832	ENSG00000169676[1,1,1]	0	+	9781802	9783233	0	1	2476,	0,	chr4	9781971	9783056	retro_human_1723	0	+	DRD5	1085
chr4	38796689	38799727	ENSG00000174130[2,3,2]	0	-	38797223	38799611	0	1	3038,	0,	chr4	38799111	38799488	retro_human_8306	0	-	TLR6	377
chr4	191350601	191353040	ENSG00000179059[2,2,1]	0	+	191350751	191351681	0	1	2439,	0,	chr4	191351046	191351669	retro_human_6850	0	+	ZFP42	623
chr5	55283213	55283992	ENSG00000169271[1,1,1]	0	+	55283354	55283804	0	1	779,	0,	chr5	55283547	55283792	retro_human_214	0	+	HSPB3	245
chr5	73927538	73929900	ENSG00000251493[3,1,1]	0	-	73928290	73929685	0	1	2362,	0,	chr5	73929047	73929343	retro_human_9988	0	-	FOXD1	296
chr5	75506145	75511801	ENSG00000176928[2,2,1]	0	-	75509530	75510889	0	1	5656,	0,	chr5	75509597	75510568	retro_human_4116	0	-	GCNT4	971
chr5	133333274	133336574	ENSG00000198944[2,1,1]	0	+	133333359	133335006	0	1	3300,	0,	chr5	133334350	133334712	retro_human_4938	0	+	SOWAHA	362
chr5	133333785	133336574	ENSG00000198944[3,1,1]	0	+	133334010	133335006	0	1	2789,	0,	chr5	133334350	133334712	retro_human_4938	0	+	SOWAHA	362
chr5	138276224	138280254	ENSG00000177733[1,1,2]	0	-	138278992	138279907	0	1	4030,	0,	chr5	138279371	138279904	retro_human_2860	0	-	HNRNPA0	533
chr5	138277176	138280254	ENSG00000177733[1,1,3]	0	-	138278992	138279907	0	1	3078,	0,	chr5	138279371	138279904	retro_human_2860	0	-	HNRNPA0	533
chr5	138277364	138280254	ENSG00000177733[1,1,4]	0	-	138278992	138279907	0	1	2890,	0,	chr5	138279371	138279904	retro_human_2860	0	-	HNRNPA0	533
chr5	138278408	138280254	ENSG00000177733[1,1,5]	0	-	138278992	138279907	0	1	1846,	0,	chr5	138279371	138279904	retro_human_2860	0	-	HNRNPA0	533
chr5	138278647	138280254	ENSG00000177733[1,1,6]	0	-	138278992	138279907	0	1	1607,	0,	chr5	138279371	138279904	retro_human_2860	0	-	HNRNPA0	533
chr5	138278943	138280254	ENSG00000177733[1,1,7]	0	-	138278992	138279907	0	1	1311,	0,	chr5	138279371	138279904	retro_human_2860	0	-	HNRNPA0	533
chr5	140637973	140641963	ENSG00000185129[4,1,9]	0	+	140639277	140640243	0	1	3990,	0,	chr5	140639446	140640054	retro_human_1166	0	+	PURA	608
chr5	140637973	140641169	ENSG00000185129[4,1,8]	0	+	140639277	140640243	0	1	3196,	0,	chr5	140639446	140640054	retro_human_1166	0	+	PURA	608
chr5	140637973	140640547	ENSG00000185129[4,1,7]	0	+	140639277	140640243	0	1	2574,	0,	chr5	140639446	140640054	retro_human_1166	0	+	PURA	608
chr5	140637973	140640374	ENSG00000185129[4,1,6]	0	+	140639277	140640243	0	1	2401,	0,	chr5	140639446	140640054	retro_human_1166	0	+	PURA	608
chr5	140639154	140641963	ENSG00000185129[1,1,9]	0	+	140639277	140640243	0	1	2809,	0,	chr5	140639446	140640054	retro_human_1166	0	+	PURA	608
chr5	140639154	140641169	ENSG00000185129[1,1,8]	0	+	140639277	140640243	0	1	2015,	0,	chr5	140639446	140640054	retro_human_1166	0	+	PURA	608
chr5	140639154	140640547	ENSG00000185129[1,1,7]	0	+	140639277	140640243	0	1	1393,	0,	chr5	140639446	140640054	retro_human_1166	0	+	PURA	608
chr5	140639154	140640374	ENSG00000185129[1,1,6]	0	+	140639277	140640243	0	1	1220,	0,	chr5	140639446	140640054	retro_human_1166	0	+	PURA	608
chr5	140639154	140644558	ENSG00000185129[1,1,11]	0	+	140639277	140640243	0	1	5404,	0,	chr5	140639446	140640054	retro_human_1166	0	+	PURA	608
chr5	140639154	140642404	ENSG00000185129[1,1,10]	0	+	140639277	140640243	0	1	3250,	0,	chr5	140639446	140640054	retro_human_1166	0	+	PURA	608
chr5	140639573	140641963	ENSG00000185129[5,1,9]	0	+	140639586	140640243	0	1	2390,	0,	chr5	140639446	140640054	retro_human_1166	0	+	PURA	481
chr5	140639573	140641169	ENSG00000185129[5,1,8]	0	+	140639586	140640243	0	1	1596,	0,	chr5	140639446	140640054	retro_human_1166	0	+	PURA	481
chr5	140639573	140640547	ENSG00000185129[5,1,7]	0	+	140639586	140640243	0	1	974,	0,	chr5	140639446	140640054	retro_human_1166	0	+	PURA	481
chr5	140639573	140640374	ENSG00000185129[5,1,6]	0	+	140639586	140640243	0	1	801,	0,	chr5	140639446	140640054	retro_human_1166	0	+	PURA	481
chr5	149360027	149363506	ENSG00000169252[2,1,1]	0	+	149361664	149362903	0	1	3479,	0,	chr5	149361725	149362759	retro_human_1526	0	+	ADRB2	1034
chr5	149361393	149363506	ENSG00000169252[1,1,1]	0	+	149361664	149362903	0	1	2113,	0,	chr5	149361725	149362759	retro_human_1526	0	+	ADRB2	1034
chr5	169063846	169065465	ENSG00000188573[2,1,1]	0	+	169064285	169065287	0	1	1619,	0,	chr5	169064447	169065275	retro_human_1943	0	+	FBLL1	828
chr5	169064035	169065465	ENSG00000188573[1,1,1]	0	+	169064285	169065287	0	1	1430,	0,	chr5	169064447	169065275	retro_human_1943	0	+	FBLL1	828
chr5	175983763	175988010	ENSG00000184845[1,1,1]	0	-	175985539	175986877	0	2	3597,534,	0,3713,	chr5	175985738	175986865	retro_human_4247	0	-	DRD1	1127
chr6	1472865	1475880	ENSG00000054598[1,1,3]	0	+	1473446	1475108	0	1	3015,	0,	chr6	1473603	1473944	retro_human_9323	0	+	FOXC1	341
chr6	1472865	1475257	ENSG00000054598[1,1,2]	0	+	1473446	1475108	0	1	2392,	0,	chr6	1473603	1473944	retro_human_9323	0	+	FOXC1	341
chr6	1473392	1475880	ENSG00000054598[2,1,3]	0	+	1473446	1475108	0	1	2488,	0,	chr6	1473603	1473944	retro_human_9323	0	+	FOXC1	341
chr6	1473392	1475257	ENSG00000054598[2,1,2]	0	+	1473446	1475108	0	1	1865,	0,	chr6	1473603	1473944	retro_human_9323	0	+	FOXC1	341
chr6	25591790	25592390	ENSG00000164508[1,1,1]	0	-	25591912	25592305	0	1	600,	0,	chr6	25591946	25592239	retro_human_553	0	-	H2AC1	293
chr6	25898997	25899627	ENSG00000278463[1,1,1]	0	-	25899134	25899524	0	1	630,	0,	chr6	25899147	25899458	retro_human_5943	0	-	H2AC4	311
chr6	25911340	25911927	ENSG00000276410[1,1,1]	0	-	25911443	25911821	0	1	587,	0,	chr6	25911522	25911845	retro_human_5944	0	-	H2BC3	323
chr6	26024414	26026823	ENSG00000168298[1,1,2]	0	+	26024526	26025183	0	1	2409,	0,	chr6	26026404	26026683	retro_human_2688	0	+	H2BC5	279
chr6	26024908	26026793	ENSG00000158373[3,1,1]	0	+	26026305	26026683	0	1	1885,	0,	chr6	26026404	26026683	retro_human_2688	0	+	H2BC5	279
chr6	26026207	26026793	ENSG00000158373[1,1,1]	0	+	26026305	26026683	0	1	586,	0,	chr6	26026404	26026683	retro_human_2688	0	+	H2BC5	279
chr6	26026597	26026793	ENSG00000158373[4,1,1]	0	+	26026597	26026597	0	1	196,	0,	chr6	26026404	26026683	retro_human_2688	0	+	H2BC5	86
chr6	26051845	26052415	ENSG00000274290[1,1,1]	0	+	26051930	26052308	0	1	570,	0,	chr6	26052029	26052308	retro_human_2689	0	+	H2BC6	279
chr6	26065164	26067809	ENSG00000282988[1,4,1]	0	-	26065605	26067709	255	2	566,485,	0,2160,	chr6	26067392	26067661	retro_human_5947	0	-	H2AC7	269
chr6	26065164	26067809	ENSG00000282988[1,2,1]	0	-	26065605	26067709	0	2	566,395,	0,2250,	chr6	26067392	26067661	retro_human_5947	0	-	H2AC7	269
chr6	26065164	26067809	ENSG00000282988[1,1,1]	0	-	26065605	26067709	0	2	563,485,	0,2160,	chr6	26067392	26067661	retro_human_5947	0	-	H2AC7	269
chr6	26065165	26067809	ENSG00000196866[1,1,2]	0	-	26065303	26065711	0	1	2644,	0,	chr6	26067392	26067661	retro_human_5947	0	-	H2AC7	269
chr6	26067199	26067809	ENSG00000196866[1,1,1]	0	-	26067319	26067709	0	1	610,	0,	chr6	26067392	26067661	retro_human_5947	0	-	H2AC7	269
chr6	26067931	26069231	ENSG00000277224[1,1,2]	0	+	26068024	26068402	0	1	1300,	0,	chr6	26068123	26068402	retro_human_2690	0	+	H2BC7	279
chr6	26083592	26084940	ENSG00000273802[3,1,2]	0	-	26084742	26084934	0	1	1348,	0,	chr6	26084742	26085021	retro_human_5937	0	-	H2BC8	198
chr6	26083592	26085215	ENSG00000273802[1,1,2]	0	-	26084742	26085120	0	1	1623,	0,	chr6	26084742	26085021	retro_human_5937	0	-	H2BC8	279
chr6	26084626	26085215	ENSG00000273802[1,1,1]	0	-	26084742	26085120	0	1	589,	0,	chr6	26084742	26085021	retro_human_5937	0	-	H2BC8	279
chr6	26084626	26084940	ENSG00000273802[3,1,1]	0	-	26084742	26084934	0	1	314,	0,	chr6	26084742	26085021	retro_human_5937	0	-	H2BC8	198
chr6	26120034	26122212	ENSG00000275713[1,1,2]	0	+	26120121	26120499	0	1	2178,	0,	chr6	26120220	26120499	retro_human_6667	0	+	H2BC9	279
chr6	26120254	26122212	ENSG00000275713[2,1,2]	0	+	26120298	26120499	0	1	1958,	0,	chr6	26120220	26120499	retro_human_6667	0	+	H2BC9	245
chr6	26120254	26120596	ENSG00000275713[2,1,1]	0	+	26120298	26120499	0	1	342,	0,	chr6	26120220	26120499	retro_human_6667	0	+	H2BC9	245
chr6	26141340	26141922	ENSG00000278588[1,1,1]	0	+	26141435	26141813	0	1	582,	0,	chr6	26141534	26141813	retro_human_6668	0	+	H2BC10	279
chr6	27001080	27001660	ENSG00000124635[1,1,1]	0	-	27001187	27001565	0	1	580,	0,	chr6	27001187	27001466	retro_human_970	0	-	H2BC11	279
chr6	27001807	27004156	ENSG00000196787[1,1,2]	0	+	27001886	27002276	0	1	2349,	0,	chr6	27001953	27002264	retro_human_1256	0	+	H2AC11	311
chr6	27015126	27015721	ENSG00000197903[1,1,1]	0	-	27015236	27015614	0	1	595,	0,	chr6	27015236	27015515	retro_human_969	0	-	H2BC12	279
chr6	27015871	27016428	ENSG00000274997[1,1,1]	0	+	27015944	27016328	0	1	557,	0,	chr6	27016070	27016304	retro_human_1255	0	+	H2AC12	234
chr6	27677102	27677653	ENSG00000185130[1,1,1]	0	-	27677202	27677580	0	1	551,	0,	chr6	27677185	27677475	retro_human_6346	0	-	H2BC13	290
chr6	27677796	27678391	ENSG00000196747[1,1,1]	0	+	27677883	27678273	0	1	595,	0,	chr6	27677950	27678261	retro_human_1250	0	+	H2AC13	311
chr6	27683925	27684501	ENSG00000276368[1,1,1]	0	-	27684030	27684414	0	1	576,	0,	chr6	27684054	27684288	retro_human_6347	0	-	H2AC14	234
chr6	27684645	27685213	ENSG00000273703[1,1,1]	0	+	27684717	27685095	0	1	568,	0,	chr6	27684816	27685095	retro_human_1248	0	+	H2BC14	279
chr6	27707382	27709205	ENSG00000233822[2,1,4]	0	+	27708334	27708712	0	1	1823,	0,	chr6	27707652	27707886	retro_human_6344	0	-	H2AC15	234
chr6	27707382	27709205	ENSG00000233822[2,1,4]	0	+	27708334	27708712	0	1	1823,	0,	chr6	27708433	27708712	retro_human_8822	0	+	H2BC15	279
chr6	27707502	27708098	ENSG00000275221[1,1,1]	0	-	27707622	27708012	0	1	596,	0,	chr6	27707652	27707886	retro_human_6344	0	-	H2AC15	234
chr6	27708167	27709205	ENSG00000233822[1,1,4]	0	+	27708334	27708712	0	1	1038,	0,	chr6	27708433	27708712	retro_human_8822	0	+	H2BC15	279
chr6	27734937	27735519	ENSG00000276903[1,1,1]	0	+	27735025	27735415	0	1	582,	0,	chr6	27735151	27735385	retro_human_8825	0	+	H2AC16	234
chr6	27762299	27762886	ENSG00000278677[1,1,1]	0	-	27762410	27762800	0	1	587,	0,	chr6	27762440	27762674	retro_human_6343	0	-	H2AC17	234
chr6	27763025	27763592	ENSG00000274641[1,1,1]	0	+	27763113	27763491	0	1	567,	0,	chr6	27763212	27763491	retro_human_7082	0	+	H2BC17	279
chr6	28130975	28131857	ENSG00000189134[1,1,2]	0	+	28131212	28131464	0	1	882,	0,	chr6	28131428	28132306	retro_human_1620	0	+	NKAPL	429
chr6	28130975	28132737	ENSG00000189134[1,1,1]	0	+	28131100	28132306	0	1	1762,	0,	chr6	28131428	28132306	retro_human_1620	0	+	NKAPL	878
chr6	28131463	28131857	ENSG00000189134[2,1,2]	0	+	28131463	28131463	0	1	394,	0,	chr6	28131428	28132306	retro_human_1620	0	+	NKAPL	394
chr6	28132025	28132737	ENSG00000189134[3,1,1]	0	+	28132120	28132306	0	1	712,	0,	chr6	28131428	28132306	retro_human_1620	0	+	NKAPL	281
chr6	33135717	33139156	ENSG00000236104[1,1,1]	0	-	33136376	33138278	0	2	2630,142,	0,3297,	chr6	33136602	33138173	retro_human_2969	0	-	ZBTB22	1571
chr6	33135717	33139354	ENSG00000236104[2,2,1]	0	-	33136376	33138278	0	2	2630,115,	0,3522,	chr6	33136602	33138173	retro_human_2969	0	-	ZBTB22	1571
chr6	78639164	78641283	ENSG00000135312[2,1,2]	0	-	78639693	78640863	0	1	2119,	0,	chr6	78639700	78640632	retro_human_10685	0	-	HTR1B	932
chr6	83582601	83586393	ENSG00000146242[2,2,3]	0	+	83584407	83585667	0	3	384,263,2325,	0,490,1467,	chr6	83584603	83585454	retro_human_4763	0	+	TPBG	851
chr6	83582601	83586916	ENSG00000146242[2,2,1]	0	+	83584407	83585667	0	3	384,263,2848,	0,490,1467,	chr6	83584603	83585454	retro_human_4763	0	+	TPBG	851
chr6	83583026	83590328	ENSG00000146242[4,1,2]	0	+	83584407	83585667	0	2	328,6260,	0,1042,	chr6	83584603	83585454	retro_human_4763	0	+	TPBG	851
chr6	83583212	83590328	ENSG00000146242[1,1,2]	0	+	83584407	83585667	0	2	142,6260,	0,856,	chr6	83584603	83585454	retro_human_4763	0	+	TPBG	851
chr6	83583212	83586916	ENSG00000146242[1,1,1]	0	+	83584407	83585667	0	2	142,2848,	0,856,	chr6	83584603	83585454	retro_human_4763	0	+	TPBG	851
chr6	83583212	83586393	ENSG00000146242[1,1,3]	0	+	83584407	83585667	0	2	142,2325,	0,856,	chr6	83584603	83585454	retro_human_4763	0	+	TPBG	851
chr6	83583639	83586916	ENSG00000146242[3,3,1]	0	+	83584407	83585667	0	2	136,2848,	0,429,	chr6	83584603	83585454	retro_human_4763	0	+	TPBG	851
chr6	117433894	117438106	ENSG00000187189[1,1,1]	0	-	117436747	117437989	0	1	4212,	0,	chr6	117436820	117437878	retro_human_9063	0	-	TSPYL4	1058
chr6	117434112	117438106	ENSG00000187189[1,1,2]	0	-	117436747	117437989	0	1	3994,	0,	chr6	117436820	117437878	retro_human_9063	0	-	TSPYL4	1058
chr6	117437419	117438106	ENSG00000187189[1,1,3]	0	-	117437856	117437976	0	1	687,	0,	chr6	117436820	117437878	retro_human_9063	0	-	TSPYL4	459
chr6	117460512	117463962	ENSG00000189241[1,1,3]	0	-	117462498	117463812	0	1	3450,	0,	chr6	117462586	117463155	retro_human_9061	0	-	TSPYL1	569
chr6	168538895	168541054	ENSG00000120436[2,1,2]	0	-	168539549	168540506	0	1	2159,	0,	chr6	168539598	168540305	retro_human_3998	0	-	GPR31	707
chr7	12817878	12820302	ENSG00000122644[2,1,3]	0	+	12819327	12819927	0	2	923,1064,	0,1360,	chr7	12819352	12819879	retro_human_11092	0	+	ARL4A	527
chr7	12817878	12820302	ENSG00000122644[2,5,3]	0	+	12819327	12819927	0	2	923,1061,	0,1363,	chr7	12819352	12819879	retro_human_11092	0	+	ARL4A	527
chr7	12817878	12821838	ENSG00000122644[2,4,8]	0	+	12819327	12819927	0	2	238,2597,	0,1363,	chr7	12819352	12819879	retro_human_11092	0	+	ARL4A	527
chr7	12817878	12821604	ENSG00000122644[2,4,7]	0	+	12819327	12819927	0	2	238,2363,	0,1363,	chr7	12819352	12819879	retro_human_11092	0	+	ARL4A	527
chr7	12817878	12821255	ENSG00000122644[2,4,6]	0	+	12819327	12819927	0	2	238,2014,	0,1363,	chr7	12819352	12819879	retro_human_11092	0	+	ARL4A	527
chr7	12817878	12821043	ENSG00000122644[2,4,5]	0	+	12819327	12819927	0	2	238,1802,	0,1363,	chr7	12819352	12819879	retro_human_11092	0	+	ARL4A	527
chr7	12817878	12820037	ENSG00000122644[2,4,2]	0	+	12819327	12819927	0	2	238,796,	0,1363,	chr7	12819352	12819879	retro_human_11092	0	+	ARL4A	527
chr7	12817878	12820302	ENSG00000122644[2,4,3]	0	+	12819327	12819927	0	2	238,1061,	0,1363,	chr7	12819352	12819879	retro_human_11092	0	+	ARL4A	527
chr7	12817878	12820302	ENSG00000122644[2,2,3]	0	+	12819327	12819927	0	3	238,94,1064,	0,829,1360,	chr7	12819352	12819879	retro_human_11092	0	+	ARL4A	527
chr7	12817878	12821838	ENSG00000122644[2,3,8]	0	+	12819327	12819927	0	2	238,2600,	0,1360,	chr7	12819352	12819879	retro_human_11092	0	+	ARL4A	527
chr7	12817878	12821604	ENSG00000122644[2,3,7]	0	+	12819327	12819927	0	2	238,2366,	0,1360,	chr7	12819352	12819879	retro_human_11092	0	+	ARL4A	527
chr7	12817878	12821255	ENSG00000122644[2,3,6]	0	+	12819327	12819927	0	2	238,2017,	0,1360,	chr7	12819352	12819879	retro_human_11092	0	+	ARL4A	527
chr7	12817878	12821043	ENSG00000122644[2,3,5]	0	+	12819327	12819927	0	2	238,1805,	0,1360,	chr7	12819352	12819879	retro_human_11092	0	+	ARL4A	527
chr7	12817878	12820037	ENSG00000122644[2,3,2]	0	+	12819327	12819927	0	2	238,799,	0,1360,	chr7	12819352	12819879	retro_human_11092	0	+	ARL4A	527
chr7	12817878	12820302	ENSG00000122644[2,3,3]	0	+	12819327	12819927	0	2	238,1064,	0,1360,	chr7	12819352	12819879	retro_human_11092	0	+	ARL4A	527
chr7	12818147	12819529	ENSG00000122644[4,1,4]	0	+	12818598	12819455	0	2	654,291,	0,1091,	chr7	12819352	12819879	retro_human_11092	0	+	ARL4A	177
chr7	12818655	12821838	ENSG00000122644[1,1,8]	0	+	12819327	12819927	0	2	146,2600,	0,583,	chr7	12819352	12819879	retro_human_11092	0	+	ARL4A	527
chr7	12818655	12821604	ENSG00000122644[1,1,7]	0	+	12819327	12819927	0	2	146,2366,	0,583,	chr7	12819352	12819879	retro_human_11092	0	+	ARL4A	527
chr7	12818655	12821255	ENSG00000122644[1,1,6]	0	+	12819327	12819927	0	2	146,2017,	0,583,	chr7	12819352	12819879	retro_human_11092	0	+	ARL4A	527
chr7	12818655	12821043	ENSG00000122644[1,1,5]	0	+	12819327	12819927	0	2	146,1805,	0,583,	chr7	12819352	12819879	retro_human_11092	0	+	ARL4A	527
chr7	12818655	12820302	ENSG00000122644[1,1,3]	0	+	12819327	12819927	0	2	146,1064,	0,583,	chr7	12819352	12819879	retro_human_11092	0	+	ARL4A	527
chr7	12818655	12820037	ENSG00000122644[1,1,2]	0	+	12819327	12819927	0	2	146,799,	0,583,	chr7	12819352	12819879	retro_human_11092	0	+	ARL4A	527
chr7	12818655	12821838	ENSG00000122644[1,5,8]	0	+	12819327	12819927	0	2	146,2597,	0,586,	chr7	12819352	12819879	retro_human_11092	0	+	ARL4A	527
chr7	12818655	12821604	ENSG00000122644[1,5,7]	0	+	12819327	12819927	0	2	146,2363,	0,586,	chr7	12819352	12819879	retro_human_11092	0	+	ARL4A	527
chr7	12818655	12821255	ENSG00000122644[1,5,6]	0	+	12819327	12819927	0	2	146,2014,	0,586,	chr7	12819352	12819879	retro_human_11092	0	+	ARL4A	527
chr7	12818655	12821043	ENSG00000122644[1,5,5]	0	+	12819327	12819927	0	2	146,1802,	0,586,	chr7	12819352	12819879	retro_human_11092	0	+	ARL4A	527
chr7	12818655	12820302	ENSG00000122644[1,5,3]	0	+	12819327	12819927	0	2	146,1061,	0,586,	chr7	12819352	12819879	retro_human_11092	0	+	ARL4A	527
chr7	12818655	12820037	ENSG00000122644[1,5,2]	0	+	12819327	12819927	0	2	146,796,	0,586,	chr7	12819352	12819879	retro_human_11092	0	+	ARL4A	527
chr7	45042820	45045824	ENSG00000146676[2,1,2]	0	-	45044825	45045761	0	1	3004,	0,	chr7	45044994	45045695	retro_human_7559	0	-	PURB	701
chr7	45043302	45045824	ENSG00000146676[2,1,3]	0	-	45044825	45045761	0	1	2522,	0,	chr7	45044994	45045695	retro_human_7559	0	-	PURB	701
chr7	45045315	45046856	ENSG00000272768[1,1,1]	0	+	45045315	45045315	0	1	1541,	0,	chr7	45044994	45045695	retro_human_7559	0	-	PURB	380
chr7	50603595	50611655	ENSG00000132436[1,17,5]	0	-	50606480	50608502	255	5	4917,88,109,606,140,	0,5587,5800,6737,7920,	chr7	50606490	50607377	retro_human_2128	0	-	FIGNL1	887
chr7	50605292	50611655	ENSG00000132436[1,16,1]	0	-	50606480	50608502	255	4	3220,88,1543,140,	0,3890,4103,6223,	chr7	50606490	50607377	retro_human_2128	0	-	FIGNL1	887
chr7	50605292	50611655	ENSG00000132436[1,20,1]	0	-	50606480	50608502	255	5	3220,88,109,161,140,	0,3890,4103,5485,6223,	chr7	50606490	50607377	retro_human_2128	0	-	FIGNL1	887
chr7	50605292	50611655	ENSG00000132436[1,19,1]	0	-	50606480	50608502	255	4	3220,109,179,140,	0,4103,5467,6223,	chr7	50606490	50607377	retro_human_2128	0	-	FIGNL1	887
chr7	50605292	50611655	ENSG00000132436[1,15,1]	0	-	50606480	50608502	255	3	3220,1543,140,	0,4103,6223,	chr7	50606490	50607377	retro_human_2128	0	-	FIGNL1	887
chr7	50605292	50611655	ENSG00000132436[1,18,1]	0	-	50606480	50608502	255	4	3220,109,224,140,	0,4103,5422,6223,	chr7	50606490	50607377	retro_human_2128	0	-	FIGNL1	887
chr7	50605292	50611655	ENSG00000132436[1,17,1]	0	-	50606480	50608502	255	5	3220,88,109,606,140,	0,3890,4103,5040,6223,	chr7	50606490	50607377	retro_human_2128	0	-	FIGNL1	887
chr7	50605292	50611655	ENSG00000132436[1,3,1]	0	-	50606480	50608502	0	2	3220,140,	0,6223,	chr7	50606490	50607377	retro_human_2128	0	-	FIGNL1	887
chr7	50605292	50611655	ENSG00000132436[1,4,1]	0	-	50606480	50608502	0	3	3220,109,140,	0,4103,6223,	chr7	50606490	50607377	retro_human_2128	0	-	FIGNL1	887
chr7	50605292	50611655	ENSG00000132436[1,13,1]	0	-	50606480	50608502	0	5	3220,88,109,224,140,	0,3890,4103,5422,6223,	chr7	50606490	50607377	retro_human_2128	0	-	FIGNL1	887
chr7	50605292	50611655	ENSG00000132436[1,9,1]	0	-	50606480	50608169	0	4	2939,166,109,140,	0,3054,4103,6223,	chr7	50606490	50607377	retro_human_2128	0	-	FIGNL1	887
chr7	50605292	50611655	ENSG00000132436[1,1,1]	0	-	50606480	50608502	0	4	3220,109,606,140,	0,4103,5040,6223,	chr7	50606490	50607377	retro_human_2128	0	-	FIGNL1	887
chr7	50605292	50611655	ENSG00000132436[1,12,1]	0	-	50606480	50608502	0	4	3220,88,109,140,	0,3890,4103,6223,	chr7	50606490	50607377	retro_human_2128	0	-	FIGNL1	887
chr7	50605292	50611655	ENSG00000132436[1,14,1]	0	-	50606480	50608502	0	5	3220,88,109,179,140,	0,3890,4103,5467,6223,	chr7	50606490	50607377	retro_human_2128	0	-	FIGNL1	887
chr7	50605292	50611655	ENSG00000132436[1,2,1]	0	-	50606480	50608502	0	2	3220,2260,	0,4103,	chr7	50606490	50607377	retro_human_2128	0	-	FIGNL1	887
chr7	50605292	50611655	ENSG00000132436[1,7,1]	0	-	50606480	50608502	0	4	3220,109,161,140,	0,4103,5485,6223,	chr7	50606490	50607377	retro_human_2128	0	-	FIGNL1	887
chr7	50605292	50611655	ENSG00000132436[1,6,1]	0	-	50606480	50608502	0	4	3220,109,168,140,	0,4103,5478,6223,	chr7	50606490	50607377	retro_human_2128	0	-	FIGNL1	887
chr7	50605641	50611655	ENSG00000132436[1,20,4]	0	-	50606480	50608502	255	5	2871,88,109,161,140,	0,3541,3754,5136,5874,	chr7	50606490	50607377	retro_human_2128	0	-	FIGNL1	887
chr7	50605641	50611655	ENSG00000132436[1,19,4]	0	-	50606480	50608502	255	4	2871,109,179,140,	0,3754,5118,5874,	chr7	50606490	50607377	retro_human_2128	0	-	FIGNL1	887
chr7	50605641	50611655	ENSG00000132436[1,15,4]	0	-	50606480	50608502	255	3	2871,1543,140,	0,3754,5874,	chr7	50606490	50607377	retro_human_2128	0	-	FIGNL1	887
chr7	50605641	50611655	ENSG00000132436[1,18,4]	0	-	50606480	50608502	255	4	2871,109,224,140,	0,3754,5073,5874,	chr7	50606490	50607377	retro_human_2128	0	-	FIGNL1	887
chr7	50605641	50611655	ENSG00000132436[1,17,4]	0	-	50606480	50608502	255	5	2871,88,109,606,140,	0,3541,3754,4691,5874,	chr7	50606490	50607377	retro_human_2128	0	-	FIGNL1	887
chr7	50605641	50611655	ENSG00000132436[1,3,4]	0	-	50606480	50608502	0	2	2871,140,	0,5874,	chr7	50606490	50607377	retro_human_2128	0	-	FIGNL1	887
chr7	50605641	50611655	ENSG00000132436[1,4,4]	0	-	50606480	50608502	0	3	2871,109,140,	0,3754,5874,	chr7	50606490	50607377	retro_human_2128	0	-	FIGNL1	887
chr7	50605641	50611655	ENSG00000132436[1,13,4]	0	-	50606480	50608502	0	5	2871,88,109,224,140,	0,3541,3754,5073,5874,	chr7	50606490	50607377	retro_human_2128	0	-	FIGNL1	887
chr7	50605641	50611655	ENSG00000132436[1,9,4]	0	-	50606480	50608169	0	4	2590,166,109,140,	0,2705,3754,5874,	chr7	50606490	50607377	retro_human_2128	0	-	FIGNL1	887
chr7	50605641	50611655	ENSG00000132436[1,1,4]	0	-	50606480	50608502	0	4	2871,109,606,140,	0,3754,4691,5874,	chr7	50606490	50607377	retro_human_2128	0	-	FIGNL1	887
chr7	50605641	50611655	ENSG00000132436[1,12,4]	0	-	50606480	50608502	0	4	2871,88,109,140,	0,3541,3754,5874,	chr7	50606490	50607377	retro_human_2128	0	-	FIGNL1	887
chr7	50605641	50611655	ENSG00000132436[1,14,4]	0	-	50606480	50608502	0	5	2871,88,109,179,140,	0,3541,3754,5118,5874,	chr7	50606490	50607377	retro_human_2128	0	-	FIGNL1	887
chr7	50605641	50611655	ENSG00000132436[1,7,4]	0	-	50606480	50608502	0	4	2871,109,161,140,	0,3754,5136,5874,	chr7	50606490	50607377	retro_human_2128	0	-	FIGNL1	887
chr7	50605641	50611655	ENSG00000132436[1,6,4]	0	-	50606480	50608502	0	4	2871,109,168,140,	0,3754,5129,5874,	chr7	50606490	50607377	retro_human_2128	0	-	FIGNL1	887
chr7	50606306	50610989	ENSG00000132436[2,2,2]	0	-	50606480	50608502	0	2	2206,1594,	0,3089,	chr7	50606490	50607377	retro_human_2128	0	-	FIGNL1	887
chr7	74634221	74636664	ENSG00000188763[1,1,1]	0	+	74634501	74636274	0	1	2443,	0,	chr7	74634586	74636154	retro_human_8835	0	+	FZD9	1568
chr7	74634555	74636664	ENSG00000188763[2,1,1]	0	+	74634636	74636274	0	1	2109,	0,	chr7	74634586	74636154	retro_human_8835	0	+	FZD9	1568
chr7	92512227	92518990	ENSG00000157240[1,1,6]	0	+	92512725	92514666	0	1	6763,	0,	chr7	92513071	92514627	retro_human_5068	0	+	FZD1	1556
chr7	92512227	92517097	ENSG00000157240[1,1,5]	0	+	92512725	92514666	0	1	4870,	0,	chr7	92513071	92514627	retro_human_5068	0	+	FZD1	1556
chr7	92512227	92516945	ENSG00000157240[1,1,4]	0	+	92512725	92514666	0	1	4718,	0,	chr7	92513071	92514627	retro_human_5068	0	+	FZD1	1556
chr7	92512227	92516609	ENSG00000157240[1,1,3]	0	+	92512725	92514666	0	1	4382,	0,	chr7	92513071	92514627	retro_human_5068	0	+	FZD1	1556
chr7	92512227	92515028	ENSG00000157240[1,1,2]	0	+	92512725	92514666	0	1	2801,	0,	chr7	92513071	92514627	retro_human_5068	0	+	FZD1	1556
chr7	92512227	92519219	ENSG00000157240[1,1,1]	0	+	92512725	92514666	0	1	6992,	0,	chr7	92513071	92514627	retro_human_5068	0	+	FZD1	1556
chr7	92512993	92517097	ENSG00000157240[2,1,5]	0	+	92513124	92514666	0	1	4104,	0,	chr7	92513071	92514627	retro_human_5068	0	+	FZD1	1556
chr7	92512993	92516945	ENSG00000157240[2,1,4]	0	+	92513124	92514666	0	1	3952,	0,	chr7	92513071	92514627	retro_human_5068	0	+	FZD1	1556
chr7	92512993	92516609	ENSG00000157240[2,1,3]	0	+	92513124	92514666	0	1	3616,	0,	chr7	92513071	92514627	retro_human_5068	0	+	FZD1	1556
chr7	92512993	92515028	ENSG00000157240[2,1,2]	0	+	92513124	92514666	0	1	2035,	0,	chr7	92513071	92514627	retro_human_5068	0	+	FZD1	1556
chr8	11040231	11042491	ENSG00000253958[1,1,1]	0	-	11041103	11041979	0	1	2260,	0,	chr8	11041569	11041847	retro_human_10062	0	-	CLDN23	278
chr8	11040231	11042209	ENSG00000253958[2,1,1]	0	-	11041103	11041979	0	1	1978,	0,	chr8	11041569	11041847	retro_human_10062	0	-	CLDN23	278
chr8	82125290	82127936	ENSG00000253598[2,1,1]	0	-	82125368	82126682	0	1	2646,	0,	chr8	82125429	82126412	retro_human_6011	0	-	SLC10A5	983
chr8	98399203	98402900	ENSG00000180543[6,2,1]	0	-	98399786	98401517	255	2	925,1496,	0,2201,	chr8	98402467	98403036	retro_human_663	0	-	TSPYL5	433
chr8	98399203	98403743	ENSG00000180543[1,2,1]	0	-	98402358	98403609	255	2	925,2339,	0,2201,	chr8	98402467	98403036	retro_human_663	0	-	TSPYL5	569
chr8	98399203	98402900	ENSG00000180543[6,1,1]	0	-	98401776	98402166	0	1	3697,	0,	chr8	98402467	98403036	retro_human_663	0	-	TSPYL5	433
chr8	98399203	98403743	ENSG00000180543[1,1,1]	0	-	98402358	98403609	0	1	4540,	0,	chr8	98402467	98403036	retro_human_663	0	-	TSPYL5	569
chr9	110302	112377	ENSG00000170122[2,1,1]	0	-	110924	112241	0	1	2075,	0,	chr9	111663	111965	retro_human_4877	0	-	FOXD4	302
chr9	4665917	4668982	ENSG00000205808[1,1,1]	0	+	4666049	4666934	0	1	3065,	0,	chr9	4666305	4666925	retro_human_2384	0	+	PLPP6	620
chr9	4666390	4668982	ENSG00000205808[2,1,1]	0	+	4666448	4666934	0	1	2592,	0,	chr9	4666305	4666925	retro_human_2384	0	+	PLPP6	535
chr9	80476503	80478642	ENSG00000187559[1,1,2]	0	+	80476638	80477889	0	1	2139,	0,	chr9	80476927	80477226	retro_human_6174	0	+	FOXD4L3	299
chr9	101158944	101167694	ENSG00000213694[2,2,1]	0	+	101163689	101164823	0	1	8750,	0,	chr9	101163732	101164631	retro_human_1508	0	+	S1PR3	899
chr9	101163728	101167694	ENSG00000213694[4,2,1]	0	+	101163863	101164823	0	1	3966,	0,	chr9	101163732	101164631	retro_human_1508	0	+	S1PR3	899
chr9	101163728	101166937	ENSG00000213694[4,2,4]	0	+	101163863	101164823	0	1	3209,	0,	chr9	101163732	101164631	retro_human_1508	0	+	S1PR3	899
chr9	101163983	101167694	ENSG00000213694[5,2,1]	0	+	101164040	101164823	0	1	3711,	0,	chr9	101163732	101164631	retro_human_1508	0	+	S1PR3	648
chr9	101163983	101166937	ENSG00000213694[5,2,4]	0	+	101164040	101164823	0	1	2954,	0,	chr9	101163732	101164631	retro_human_1508	0	+	S1PR3	648
chr9	121023665	121026145	ENSG00000148156[2,1,1]	0	-	121023813	121025058	0	1	2480,	0,	chr9	121023814	121024917	retro_human_26	0	-	ACTL7B	1103
chr9	123696490	123699454	ENSG00000173258[1,2,2]	0	+	123698779	123699313	0	2	154,803,	0,2161,	chr9	123698882	123699229	retro_human_3671	0	+	ZNF483	347
chr9	149538351	149540241	ENSG00000198435[1,1,2]	0	-	149539506	149539848	0	1	1890,	0,	chr9	149539534	149539800	retro_human_4868	0	-	NRARP	266
chrX	15750333	15754419	ENSG00000182798[1,1,1]	0	+	15753287	15754295	0	2	353,1181,	0,2905,	chrX	15753609	15754202	retro_human_5458	0	+	MAGEB17	593
chrX	21439237	21442091	ENSG00000230797[1,1,1]	0	+	21439785	21440901	0	1	2854,	0,	chrX	21439954	21440898	retro_human_5461	0	+	YY2	944
chrX	29807854	29812490	ENSG00000099399[1,2,1]	0	+	29810930	29811887	255	2	143,1612,	0,3024,	chrX	29811261	29811851	retro_human_491	0	+	MAGEB2	590
chrX	29807854	29812490	ENSG00000099399[1,3,1]	0	+	29810930	29811887	255	2	240,1565,	0,3071,	chrX	29811261	29811851	retro_human_491	0	+	MAGEB2	590
chrX	29807854	29812490	ENSG00000099399[1,1,1]	0	+	29810930	29811887	0	2	143,1565,	0,3071,	chrX	29811261	29811851	retro_human_491	0	+	MAGEB2	590
chrX	29834300	29836588	ENSG00000120289[1,1,1]	0	+	29834486	29835524	0	1	2288,	0,	chrX	29834808	29835431	retro_human_3004	0	+	MAGEB4	623
chrX	29839446	29844442	ENSG00000214107[1,4,1]	0	+	29842845	29843886	255	2	377,1657,	0,3339,	chrX	29843188	29843793	retro_human_494	0	+	MAGEB1	605
chrX	29839446	29844442	ENSG00000214107[1,1,1]	0	+	29842845	29843886	0	2	161,1657,	0,3339,	chrX	29843188	29843793	retro_human_494	0	+	MAGEB1	605
chrX	48239317	48240683	ENSG00000187682[2,2,2]	0	+	48239618	48240317	0	1	1366,	0,	chrX	48239733	48240227	retro_human_6788	0	+	ERAS	494
chrX	50888195	50890188	ENSG00000224109[1,1,1]	0	-	50889283	50890144	0	1	1993,	0,	chrX	50889317	50889820	retro_human_285	0	-	CENPVL3	503
chrX	50952587	50954307	ENSG00000283093[1,1,1]	0	-	50953441	50954257	0	1	1720,	0,	chrX	50953528	50953978	retro_human_9378	0	-	CENPVL2	450
chrX	50982113	50983833	ENSG00000223591[1,1,1]	0	+	50982163	50982979	0	1	1720,	0,	chrX	50982442	50982892	retro_human_1094	0	+	CENPVL1	450
chrX	54777114	54781801	ENSG00000247746[3,3,1]	0	+	54777427	54779560	0	2	84,4423,	0,264,	chrX	54777977	54779554	retro_human_2242	0	+	USP51	1577
chrX	56890410	56896336	ENSG00000198455[2,1,1]	0	+	56890857	56893266	0	1	5926,	0,	chrX	56891668	56893266	retro_human_1145	0	+	ZXDB	1598
chrX	56890769	56896336	ENSG00000198455[1,1,1]	0	+	56890857	56893266	0	1	5567,	0,	chrX	56891668	56893266	retro_human_1145	0	+	ZXDB	1598
chrX	56890769	56893625	ENSG00000198455[1,1,2]	0	+	56890857	56893266	0	1	2856,	0,	chrX	56891668	56893266	retro_human_1145	0	+	ZXDB	1598
chrX	56892329	56893625	ENSG00000198455[3,1,2]	0	+	56892546	56893266	0	1	1296,	0,	chrX	56891668	56893266	retro_human_1145	0	+	ZXDB	937
chrX	56892329	56896336	ENSG00000198455[3,1,1]	0	+	56892546	56893266	0	1	4007,	0,	chrX	56891668	56893266	retro_human_1145	0	+	ZXDB	937
chrX	57206326	57209999	ENSG00000198205[5,1,2]	0	-	57207694	57209236	0	1	3673,	0,	chrX	57207761	57209293	retro_human_525	0	-	ZXDA	1532
chrX	57206326	57208615	ENSG00000198205[3,1,2]	0	-	57207694	57208414	0	1	2289,	0,	chrX	57207761	57209293	retro_human_525	0	-	ZXDA	854
chrX	57206326	57210541	ENSG00000198205[2,1,2]	0	-	57207694	57210091	0	1	4215,	0,	chrX	57207761	57209293	retro_human_525	0	-	ZXDA	1532
chrX	57206748	57209999	ENSG00000198205[5,1,3]	0	-	57207694	57209236	0	1	3251,	0,	chrX	57207761	57209293	retro_human_525	0	-	ZXDA	1532
chrX	57206748	57209653	ENSG00000198205[4,1,3]	0	-	57207694	57209236	0	1	2905,	0,	chrX	57207761	57209293	retro_human_525	0	-	ZXDA	1532
chrX	57206748	57210179	ENSG00000198205[1,1,3]	0	-	57207694	57210091	0	1	3431,	0,	chrX	57207761	57209293	retro_human_525	0	-	ZXDA	1532
chrX	57207051	57209653	ENSG00000198205[4,1,4]	0	-	57207694	57209236	0	1	2602,	0,	chrX	57207761	57209293	retro_human_525	0	-	ZXDA	1532
chrX	57207051	57210179	ENSG00000198205[1,1,4]	0	-	57207694	57210091	0	1	3128,	0,	chrX	57207761	57209293	retro_human_525	0	-	ZXDA	1532
chrX	57207051	57209999	ENSG00000198205[5,1,4]	0	-	57207694	57209236	0	1	2948,	0,	chrX	57207761	57209293	retro_human_525	0	-	ZXDA	1532
chrX	57207396	57209653	ENSG00000198205[4,1,5]	0	-	57207694	57209236	0	1	2257,	0,	chrX	57207761	57209293	retro_human_525	0	-	ZXDA	1532
chrX	57207396	57210179	ENSG00000198205[1,1,5]	0	-	57207694	57210091	0	1	2783,	0,	chrX	57207761	57209293	retro_human_525	0	-	ZXDA	1532
chrX	57207396	57209999	ENSG00000198205[5,1,5]	0	-	57207694	57209236	0	1	2603,	0,	chrX	57207761	57209293	retro_human_525	0	-	ZXDA	1532
chrX	69657254	69659647	ENSG00000169562[1,1,1]	0	+	69657788	69658637	0	2	162,1875,	0,518,	chrX	69657795	69658424	retro_human_10860	0	+	GJB1	629
chrX	69657254	69659346	ENSG00000169562[1,1,2]	0	+	69657788	69658637	0	2	162,1574,	0,518,	chrX	69657795	69658424	retro_human_10860	0	+	GJB1	629
chrX	71510734	71513075	ENSG00000186288[1,1,1]	0	-	71512293	71512893	0	1	2341,	0,	chrX	71512359	71512890	retro_human_3911	0	-	PABPC1L2A	531
chrX	71645690	71648343	ENSG00000186462[1,1,1]	0	-	71646554	71647934	0	1	2653,	0,	chrX	71646696	71647643	retro_human_160	0	-	NAP1L2	947
chrX	74216622	74218990	ENSG00000186675[1,1,1]	0	-	74217168	74218737	0	1	2368,	0,	chrX	74217241	74217807	retro_human_1323	0	-	MAGEE2	566
chrX	74861459	74865192	ENSG00000198934[1,1,1]	0	+	74861730	74864601	0	1	3733,	0,	chrX	74863219	74863791	retro_human_4398	0	+	MAGEE1	572
chrX	77092835	77096194	ENSG00000179300[1,1,1]	0	-	77093813	77095238	0	2	2631,118,	0,3241,	chrX	77093368	77094509	retro_human_4337	0	-	RTL3	1141
chrX	81941814	81945753	ENSG00000196767[1,1,1]	0	+	81941899	81942982	0	1	3939,	0,	chrX	81942476	81942883	retro_human_4007	0	+	POU3F4	407
chrX	92116049	92118797	ENSG00000186310[1,3,1]	0	-	92116955	92117921	255	2	1987,260,	0,2488,	chrX	92117010	92118194	retro_human_4847	0	-	NAP1L3	1184
chrX	92116049	92118797	ENSG00000186310[1,2,1]	0	-	92116955	92118452	0	2	2417,252,	0,2496,	chrX	92117010	92118194	retro_human_4847	0	-	NAP1L3	1184
chrX	92116049	92118797	ENSG00000186310[1,1,1]	0	-	92116955	92118473	0	1	2748,	0,	chrX	92117010	92118194	retro_human_4847	0	-	NAP1L3	1184
chrX	95323138	95324798	ENSG00000204086[1,1,1]	0	+	95323591	95324374	0	1	1660,	0,	chrX	95323685	95324374	retro_human_3602	0	+	RPA4	689
chrX	99995123	99999379	ENSG00000126947[1,2,1]	0	+	99997557	99998916	255	4	164,51,65,1944,	0,477,1072,2312,	chrX	99998026	99998874	retro_human_8641	0	+	ARMCX1	848
chrX	99995123	99999379	ENSG00000126947[1,1,1]	0	+	99997557	99998916	0	4	164,54,65,1944,	0,474,1072,2312,	chrX	99998026	99998874	retro_human_8641	0	+	ARMCX1	848
chrX	100067377	100072524	ENSG00000102401[2,2,1]	0	+	100069610	100070747	0	5	530,108,61,71,3060,	0,1039,1411,1733,2087,	chrX	100069947	100070717	retro_human_8647	0	+	ARMCX3	770
chrX	100067707	100072524	ENSG00000102401[1,8,1]	0	+	100069610	100070747	255	4	817,61,71,3060,	0,1081,1403,1757,	chrX	100069947	100070717	retro_human_8647	0	+	ARMCX3	770
chrX	100067707	100071165	ENSG00000102401[1,8,5]	0	+	100069610	100070747	255	4	817,61,71,1701,	0,1081,1403,1757,	chrX	100069947	100070717	retro_human_8647	0	+	ARMCX3	770
chrX	100067707	100070993	ENSG00000102401[1,8,6]	0	+	100069610	100070747	255	4	817,61,71,1529,	0,1081,1403,1757,	chrX	100069947	100070717	retro_human_8647	0	+	ARMCX3	770
chrX	100067707	100072524	ENSG00000102401[1,3,1]	0	+	100069610	100070747	0	5	354,108,61,71,3060,	0,709,1081,1403,1757,	chrX	100069947	100070717	retro_human_8647	0	+	ARMCX3	770
chrX	100067707	100071165	ENSG00000102401[1,3,5]	0	+	100069610	100070747	0	5	354,108,61,71,1701,	0,709,1081,1403,1757,	chrX	100069947	100070717	retro_human_8647	0	+	ARMCX3	770
chrX	100067707	100070993	ENSG00000102401[1,3,6]	0	+	100069610	100070747	0	5	354,108,61,71,1529,	0,709,1081,1403,1757,	chrX	100069947	100070717	retro_human_8647	0	+	ARMCX3	770
chrX	100067707	100072524	ENSG00000102401[1,1,1]	0	+	100069610	100070747	0	5	200,80,61,71,3060,	0,737,1081,1403,1757,	chrX	100069947	100070717	retro_human_8647	0	+	ARMCX3	770
chrX	100067707	100070993	ENSG00000102401[1,1,6]	0	+	100069610	100070747	0	5	200,80,61,71,1529,	0,737,1081,1403,1757,	chrX	100069947	100070717	retro_human_8647	0	+	ARMCX3	770
chrX	100067707	100071165	ENSG00000102401[1,1,5]	0	+	100069610	100070747	0	5	200,80,61,71,1701,	0,737,1081,1403,1757,	chrX	100069947	100070717	retro_human_8647	0	+	ARMCX3	770
chrX	100067707	100072524	ENSG00000102401[1,5,1]	0	+	100069610	100070747	0	5	354,80,61,71,3060,	0,737,1081,1403,1757,	chrX	100069947	100070717	retro_human_8647	0	+	ARMCX3	770
chrX	100067707	100071165	ENSG00000102401[1,5,5]	0	+	100069610	100070747	0	5	354,80,61,71,1701,	0,737,1081,1403,1757,	chrX	100069947	100070717	retro_human_8647	0	+	ARMCX3	770
chrX	100067707	100070993	ENSG00000102401[1,5,6]	0	+	100069610	100070747	0	5	354,80,61,71,1529,	0,737,1081,1403,1757,	chrX	100069947	100070717	retro_human_8647	0	+	ARMCX3	770
chrX	100067707	100072524	ENSG00000102401[1,2,1]	0	+	100069610	100070747	0	5	200,108,61,71,3060,	0,709,1081,1403,1757,	chrX	100069947	100070717	retro_human_8647	0	+	ARMCX3	770
chrX	100067707	100071165	ENSG00000102401[1,2,5]	0	+	100069610	100070747	0	5	200,108,61,71,1701,	0,709,1081,1403,1757,	chrX	100069947	100070717	retro_human_8647	0	+	ARMCX3	770
chrX	100067707	100070993	ENSG00000102401[1,2,6]	0	+	100069610	100070747	0	5	200,108,61,71,1529,	0,709,1081,1403,1757,	chrX	100069947	100070717	retro_human_8647	0	+	ARMCX3	770
chrX	100099865	100104539	ENSG00000184867[1,26,1]	0	-	100100327	100102223	255	6	2485,77,65,73,83,143,	0,2838,3233,3848,4192,4531,	chrX	100100348	100101062	retro_human_2482	0	-	ARMCX2	714
chrX	100099865	100104539	ENSG00000184867[1,29,1]	0	-	100100327	100102223	255	6	2485,73,109,73,71,143,	0,2842,3233,3848,4204,4531,	chrX	100100348	100101062	retro_human_2482	0	-	ARMCX2	714
chrX	100099865	100104539	ENSG00000184867[1,20,1]	0	-	100100327	100102223	255	5	2485,73,65,427,143,	0,2842,3233,3848,4531,	chrX	100100348	100101062	retro_human_2482	0	-	ARMCX2	714
chrX	100099865	100104539	ENSG00000184867[1,24,1]	0	-	100100327	100102223	255	6	2485,73,109,61,83,143,	0,2842,3233,3848,4192,4531,	chrX	100100348	100101062	retro_human_2482	0	-	ARMCX2	714
chrX	100099865	100104539	ENSG00000184867[1,31,1]	0	-	100100327	100102223	255	6	2485,73,109,73,116,143,	0,2842,3233,3848,4192,4531,	chrX	100100348	100101062	retro_human_2482	0	-	ARMCX2	714
chrX	100099865	100104539	ENSG00000184867[1,25,1]	0	-	100100327	100102223	255	6	2485,73,78,61,83,143,	0,2842,3264,3848,4192,4531,	chrX	100100348	100101062	retro_human_2482	0	-	ARMCX2	714
chrX	100099865	100104539	ENSG00000184867[1,21,1]	0	-	100100327	100102223	255	6	2485,73,65,61,94,143,	0,2842,3233,3848,4181,4531,	chrX	100100348	100101062	retro_human_2482	0	-	ARMCX2	714
chrX	100099865	100104539	ENSG00000184867[1,17,1]	0	-	100100327	100102223	255	4	2485,73,73,143,	0,2842,3848,4531,	chrX	100100348	100101062	retro_human_2482	0	-	ARMCX2	714
chrX	100099865	100104539	ENSG00000184867[1,22,1]	0	-	100100327	100102223	255	6	2485,73,109,73,94,143,	0,2842,3233,3848,4181,4531,	chrX	100100348	100101062	retro_human_2482	0	-	ARMCX2	714
chrX	100099865	100104539	ENSG00000184867[1,18,1]	0	-	100100327	100102223	255	5	2485,73,109,73,143,	0,2842,3233,3848,4531,	chrX	100100348	100101062	retro_human_2482	0	-	ARMCX2	714
chrX	100099865	100104539	ENSG00000184867[1,30,1]	0	-	100100327	100102223	255	6	2485,73,65,73,116,143,	0,2842,3233,3848,4192,4531,	chrX	100100348	100101062	retro_human_2482	0	-	ARMCX2	714
chrX	100099865	100104539	ENSG00000184867[1,23,1]	0	-	100100327	100102223	255	6	2485,73,78,73,94,143,	0,2842,3264,3848,4181,4531,	chrX	100100348	100101062	retro_human_2482	0	-	ARMCX2	714
chrX	100099865	100104539	ENSG00000184867[1,15,1]	0	-	100100327	100102223	255	5	2485,73,65,73,482,	0,2842,3233,3848,4192,	chrX	100100348	100101062	retro_human_2482	0	-	ARMCX2	714
chrX	100099865	100104539	ENSG00000184867[1,16,1]	0	-	100100327	100102223	255	5	2485,73,65,61,143,	0,2842,3233,3848,4531,	chrX	100100348	100101062	retro_human_2482	0	-	ARMCX2	714
chrX	100099865	100104539	ENSG00000184867[1,19,1]	0	-	100100327	100102223	255	5	2485,73,78,73,143,	0,2842,3264,3848,4531,	chrX	100100348	100101062	retro_human_2482	0	-	ARMCX2	714
chrX	100099865	100104539	ENSG00000184867[1,28,1]	0	-	100100327	100102223	255	6	2485,73,65,73,71,143,	0,2842,3233,3848,4204,4531,	chrX	100100348	100101062	retro_human_2482	0	-	ARMCX2	714
chrX	100099865	100104539	ENSG00000184867[1,27,1]	0	-	100100327	100102223	255	6	2485,73,78,73,83,143,	0,2842,3264,3848,4192,4531,	chrX	100100348	100101062	retro_human_2482	0	-	ARMCX2	714
chrX	100099865	100104539	ENSG00000184867[1,7,1]	0	-	100100327	100102223	0	3	2485,73,143,	0,2842,4531,	chrX	100100348	100101062	retro_human_2482	0	-	ARMCX2	714
chrX	100099865	100104539	ENSG00000184867[1,13,1]	0	-	100100327	100102223	0	6	2485,73,109,73,83,143,	0,2842,3233,3848,4192,4531,	chrX	100100348	100101062	retro_human_2482	0	-	ARMCX2	714
chrX	100099865	100104539	ENSG00000184867[1,11,1]	0	-	100100327	100102223	0	6	2485,73,65,61,83,143,	0,2842,3233,3848,4192,4531,	chrX	100100348	100101062	retro_human_2482	0	-	ARMCX2	714
chrX	100099865	100104539	ENSG00000184867[1,10,1]	0	-	100100327	100102223	0	6	2485,73,65,73,94,143,	0,2842,3233,3848,4181,4531,	chrX	100100348	100101062	retro_human_2482	0	-	ARMCX2	714
chrX	100099865	100104539	ENSG00000184867[1,12,1]	0	-	100100327	100102223	0	5	2485,73,73,83,143,	0,2842,3848,4192,4531,	chrX	100100348	100101062	retro_human_2482	0	-	ARMCX2	714
chrX	100099865	100104539	ENSG00000184867[1,8,1]	0	-	100100327	100102223	0	5	2485,73,65,73,143,	0,2842,3233,3848,4531,	chrX	100100348	100101062	retro_human_2482	0	-	ARMCX2	714
chrX	100099865	100104539	ENSG00000184867[1,1,1]	0	-	100100327	100102223	0	6	2485,73,65,73,83,143,	0,2842,3233,3848,4192,4531,	chrX	100100348	100101062	retro_human_2482	0	-	ARMCX2	714
chrX	100099865	100103337	ENSG00000184867[2,2,1]	0	-	100100327	100102223	0	3	2485,73,208,	0,2842,3264,	chrX	100100348	100101062	retro_human_2482	0	-	ARMCX2	714
chrX	100099865	100104539	ENSG00000184867[1,3,1]	0	-	100100327	100102223	0	5	2485,73,109,61,143,	0,2842,3233,3848,4531,	chrX	100100348	100101062	retro_human_2482	0	-	ARMCX2	714
chrX	100100051	100104539	ENSG00000184867[1,1,6]	0	-	100100327	100102223	0	6	2299,73,65,73,83,143,	0,2656,3047,3662,4006,4345,	chrX	100100348	100101062	retro_human_2482	0	-	ARMCX2	714
chrX	101044072	101049164	ENSG00000125962[2,9,1]	0	+	101047096	101048770	255	4	455,136,46,2330,	0,594,2346,2762,	chrX	101048015	101048770	retro_human_8648	0	+	ARMCX5	755
chrX	101044072	101049164	ENSG00000125962[2,7,1]	0	+	101047096	101048770	255	5	455,142,113,46,2330,	0,588,1802,2346,2762,	chrX	101048015	101048770	retro_human_8648	0	+	ARMCX5	755
chrX	101044072	101049164	ENSG00000125962[2,6,1]	0	+	101047096	101048770	0	3	742,46,2330,	0,2346,2762,	chrX	101048015	101048770	retro_human_8648	0	+	ARMCX5	755
chrX	101044072	101049164	ENSG00000125962[2,3,1]	0	+	101047096	101048770	0	6	149,225,136,113,46,2330,	0,230,594,1802,2346,2762,	chrX	101048015	101048770	retro_human_8648	0	+	ARMCX5	755
chrX	101044112	101049159	ENSG00000271147[3,11,10]	0	+	101047096	101048770	255	4	415,142,46,2325,	0,548,2306,2722,	chrX	101048015	101048770	retro_human_8648	0	+	ARMCX5	755
chrX	101044416	101049159	ENSG00000271147[1,11,10]	0	+	101047096	101048770	255	4	111,142,46,2325,	0,244,2002,2418,	chrX	101048015	101048770	retro_human_8648	0	+	ARMCX5	755
chrX	101044419	101049164	ENSG00000125962[1,9,1]	0	+	101047096	101048770	255	4	108,136,46,2330,	0,247,1999,2415,	chrX	101048015	101048770	retro_human_8648	0	+	ARMCX5	755
chrX	101044419	101049164	ENSG00000125962[1,7,1]	0	+	101047096	101048770	255	5	108,142,113,46,2330,	0,241,1455,1999,2415,	chrX	101048015	101048770	retro_human_8648	0	+	ARMCX5	755
chrX	101044419	101049164	ENSG00000125962[1,8,1]	0	+	101047096	101048770	255	5	108,136,113,46,2330,	0,247,1455,1999,2415,	chrX	101048015	101048770	retro_human_8648	0	+	ARMCX5	755
chrX	101044419	101049164	ENSG00000125962[1,2,1]	0	+	101047096	101048770	0	1	4745,	0,	chrX	101048015	101048770	retro_human_8648	0	+	ARMCX5	755
chrX	101044419	101049164	ENSG00000125962[1,5,1]	0	+	101047096	101048770	0	3	383,46,2330,	0,1999,2415,	chrX	101048015	101048770	retro_human_8648	0	+	ARMCX5	755
chrX	101044419	101049164	ENSG00000125962[1,6,1]	0	+	101047096	101048770	0	3	395,46,2330,	0,1999,2415,	chrX	101048015	101048770	retro_human_8648	0	+	ARMCX5	755
chrX	101044419	101049164	ENSG00000125962[1,1,1]	0	+	101047096	101048770	0	4	383,113,46,2330,	0,1455,1999,2415,	chrX	101048015	101048770	retro_human_8648	0	+	ARMCX5	755
chrX	101044419	101049164	ENSG00000125962[1,4,1]	0	+	101047096	101048770	0	2	2045,2330,	0,2415,	chrX	101048015	101048770	retro_human_8648	0	+	ARMCX5	755
chrX	101046041	101049164	ENSG00000125962[3,4,1]	0	+	101047096	101048770	0	2	423,2330,	0,793,	chrX	101048015	101048770	retro_human_8648	0	+	ARMCX5	755
chrX	118625758	118633508	ENSG00000177485[1,1,1]	0	+	118628472	118630491	0	3	276,102,5038,	0,1967,2712,	chrX	118628563	118630197	retro_human_9990	0	+	ZBTB33	1634
chrX	118625758	118633244	ENSG00000177485[1,1,4]	0	+	118628472	118630491	0	3	276,102,4774,	0,1967,2712,	chrX	118628563	118630197	retro_human_9990	0	+	ZBTB33	1634
chrX	118625758	118630544	ENSG00000177485[1,1,2]	0	+	118628472	118630491	0	3	276,102,2074,	0,1967,2712,	chrX	118628563	118630197	retro_human_9990	0	+	ZBTB33	1634
chrX	118625758	118633244	ENSG00000177485[1,2,4]	0	+	118628472	118630491	0	2	276,4774,	0,2712,	chrX	118628563	118630197	retro_human_9990	0	+	ZBTB33	1634
chrX	118625758	118631767	ENSG00000177485[1,2,3]	0	+	118628472	118630491	0	2	276,3297,	0,2712,	chrX	118628563	118630197	retro_human_9990	0	+	ZBTB33	1634
chrX	118625758	118633508	ENSG00000177485[1,2,1]	0	+	118628472	118630491	0	2	276,5038,	0,2712,	chrX	118628563	118630197	retro_human_9990	0	+	ZBTB33	1634
chrX	133316307	133317701	ENSG00000184785[1,1,4]	0	+	133316462	133316711	0	1	1394,	0,	chrX	133316577	133316720	retro_human_9509	0	+	SMIM10	143
chrX	133316307	133317340	ENSG00000184785[1,1,3]	0	+	133316462	133316711	0	1	1033,	0,	chrX	133316577	133316720	retro_human_9509	0	+	SMIM10	143
chrX	133316307	133317131	ENSG00000184785[1,1,2]	0	+	133316462	133316711	0	1	824,	0,	chrX	133316577	133316720	retro_human_9509	0	+	SMIM10	143
chrX	141937039	141944374	ENSG00000179542[5,3,3]	0	-	141937875	141940386	0	2	3397,219,	0,7116,	chrX	141938971	141940125	retro_human_9723	0	-	SLITRK4	1154
chrX	141937350	141945093	ENSG00000179542[4,1,2]	0	-	141937875	141940386	0	2	3086,93,	0,7650,	chrX	141938971	141940125	retro_human_9723	0	-	SLITRK4	1154
chrX	141937350	141944374	ENSG00000179542[5,3,2]	0	-	141937875	141940386	0	2	3086,219,	0,6805,	chrX	141938971	141940125	retro_human_9723	0	-	SLITRK4	1154
chrX	141937350	141944532	ENSG00000179542[3,3,2]	0	-	141937875	141940386	0	2	3086,377,	0,6805,	chrX	141938971	141940125	retro_human_9723	0	-	SLITRK4	1154
chrX	141937990	141944374	ENSG00000179542[5,3,4]	0	-	141940226	141940337	0	2	2446,219,	0,6165,	chrX	141938971	141940125	retro_human_9723	0	-	SLITRK4	1154
chrX	148146788	148151583	ENSG00000156009[1,1,1]	0	+	148149970	148150924	0	3	195,62,1676,	0,2982,3119,	chrX	148150220	148150867	retro_human_10863	0	+	MAGEA8	647
chrX	150185868	150191450	ENSG00000147381[12,18,1]	0	+	150189893	150190844	255	3	83,72,1622,	0,3813,3960,	chrX	150190158	150190784	retro_human_10872	0	+	MAGEA4	626
chrX	150965289	150968970	ENSG00000221867[1,4,1]	0	+	150967405	150968347	255	3	358,66,1630,	0,1905,2051,	chrX	150967724	150968284	retro_human_10885	0	+	MAGEA3	560
chrX	150965289	150968970	ENSG00000221867[1,5,1]	0	+	150967405	150968347	255	3	544,66,1630,	0,1905,2051,	chrX	150967724	150968284	retro_human_10885	0	+	MAGEA3	560
chrX	150965289	150968970	ENSG00000221867[1,3,1]	0	+	150967405	150968347	255	4	113,59,66,1630,	0,489,1905,2051,	chrX	150967724	150968284	retro_human_10885	0	+	MAGEA3	560
chrX	150965289	150968970	ENSG00000221867[1,6,1]	0	+	150967405	150968347	255	3	548,66,1630,	0,1905,2051,	chrX	150967724	150968284	retro_human_10885	0	+	MAGEA3	560
chrX	150965289	150968970	ENSG00000221867[1,2,1]	0	+	150967405	150968347	0	3	113,130,1630,	0,1841,2051,	chrX	150967724	150968284	retro_human_10885	0	+	MAGEA3	560
chrX	150965289	150968050	ENSG00000221867[1,2,2]	0	+	150967655	150967850	0	3	113,130,710,	0,1841,2051,	chrX	150967724	150968284	retro_human_10885	0	+	MAGEA3	326
chrX	150965289	150968970	ENSG00000221867[1,1,1]	0	+	150967405	150968347	0	3	113,66,1630,	0,1905,2051,	chrX	150967724	150968284	retro_human_10885	0	+	MAGEA3	560
chrX	153121329	153122016	ENSG00000274183[1,1,1]	0	+	153121457	153121802	0	1	687,	0,	chrX	153121518	153121772	retro_human_3026	0	+	H2AB1	254
chrX	153618668	153619194	ENSG00000277858[1,1,2]	0	+	153618796	153619141	0	1	526,	0,	chrX	153618854	153619111	retro_human_2410	0	+	H2AB2	257
chr10	35668350	35672501	ENSG00000177283[1,1,1]	0	-	35669501	35671583	0	1	4151,	0,	chr10	35669736	35671487	retro_human_7134	0	-	FZD8	1751
chr10	47347088	47352048	ENSG00000204174[1,2,1]	0	-	47347550	47348675	0	2	1646,331,	0,4629,	chr10	47347575	47348555	retro_human_5878	0	-	NPY4R	980
chr10	47347088	47352048	ENSG00000204174[1,1,1]	0	-	47347550	47348675	0	3	1646,156,331,	0,2681,4629,	chr10	47347575	47348555	retro_human_5878	0	-	NPY4R	980
chr10	48767564	48772446	ENSG00000264717[1,2,1]	0	+	48770859	48771984	0	2	254,1646,	0,3236,	chr10	48770980	48771960	retro_human_7760	0	+	NPY4R2	980
chr10	48767564	48772446	ENSG00000264717[1,1,1]	0	+	48770859	48771984	0	3	254,156,1646,	0,2045,3236,	chr10	48770980	48771960	retro_human_7760	0	+	NPY4R2	980
chr10	50459065	50461576	ENSG00000187714[1,1,1]	0	+	50459546	50461142	0	1	2511,	0,	chr10	50459619	50460923	retro_human_7758	0	+	SLC18A3	1304
chr10	111960957	111964802	ENSG00000150594[2,1,1]	0	+	111961841	111963236	0	1	3845,	0,	chr10	111962001	111963209	retro_human_9284	0	+	ADRA2A	1208
chr10	114935663	114938607	ENSG00000043591[2,1,1]	0	+	114935790	114937221	0	1	2944,	0,	chr10	114935971	114936951	retro_human_3402	0	+	ADRB1	980
chr10	114936120	114938607	ENSG00000043591[3,1,1]	0	+	114936375	114937221	0	1	2487,	0,	chr10	114935971	114936951	retro_human_3402	0	+	ADRB1	831
chr10	114936120	114938320	ENSG00000043591[3,1,2]	0	+	114936375	114937221	0	1	2200,	0,	chr10	114935971	114936951	retro_human_3402	0	+	ADRB1	831
chr10	119485085	119490837	ENSG00000119973[1,1,1]	0	-	119489273	119490383	0	2	5304,183,	0,5569,	chr10	119489304	119490155	retro_human_8865	0	-	PRLHR	851
chr10	119488483	119490837	ENSG00000119973[1,1,3]	0	-	119489273	119490383	0	2	1906,183,	0,2171,	chr10	119489304	119490155	retro_human_8865	0	-	PRLHR	851
chr10	119489183	119490558	ENSG00000119973[2,2,2]	0	-	119489273	119490383	0	1	1375,	0,	chr10	119489304	119490155	retro_human_8865	0	-	PRLHR	851
chr11	7147682	7149685	ENSG00000170748[1,1,2]	0	+	7147855	7149031	0	1	2003,	0,	chr11	7147856	7148755	retro_human_4723	0	+	RBMXL2	899
chr11	17483408	17486560	ENSG00000187486[2,2,3]	0	-	17484521	17485430	255	2	2038,120,	0,3032,	chr11	17484624	17485691	retro_human_8584	0	-	KCNJ11	1067
chr11	17483408	17486735	ENSG00000187486[5,2,3]	0	-	17484521	17485430	255	2	2038,295,	0,3032,	chr11	17484624	17485691	retro_human_8584	0	-	KCNJ11	1067
chr11	17483408	17486981	ENSG00000187486[3,4,3]	0	-	17484521	17485430	0	2	2038,208,	0,3365,	chr11	17484624	17485691	retro_human_8584	0	-	KCNJ11	1067
chr11	17483408	17486981	ENSG00000187486[3,1,3]	0	-	17484521	17485691	0	1	3573,	0,	chr11	17484624	17485691	retro_human_8584	0	-	KCNJ11	1067
chr11	17483408	17486735	ENSG00000187486[5,1,3]	0	-	17484521	17485691	0	1	3327,	0,	chr11	17484624	17485691	retro_human_8584	0	-	KCNJ11	1067
chr11	17483408	17486560	ENSG00000187486[2,1,3]	0	-	17484521	17485691	0	1	3152,	0,	chr11	17484624	17485691	retro_human_8584	0	-	KCNJ11	1067
chr11	17483408	17485769	ENSG00000187486[7,1,3]	0	-	17484521	17485691	0	1	2361,	0,	chr11	17484624	17485691	retro_human_8584	0	-	KCNJ11	1067
chr11	17483408	17485061	ENSG00000187486[6,1,3]	0	-	17484521	17485043	0	1	1653,	0,	chr11	17484624	17485691	retro_human_8584	0	-	KCNJ11	437
chr11	17483408	17486309	ENSG00000187486[1,1,3]	0	-	17484521	17485691	0	1	2901,	0,	chr11	17484624	17485691	retro_human_8584	0	-	KCNJ11	1067
chr11	30143775	30150773	ENSG00000182255[3,1,1]	0	-	30144815	30146774	0	2	3781,108,	0,6890,	chr11	30145032	30146243	retro_human_2754	0	-	KCNA4	1211
chr11	30143775	30151174	ENSG00000182255[1,1,1]	0	-	30144815	30146774	0	2	3781,509,	0,6890,	chr11	30145032	30146243	retro_human_2754	0	-	KCNA4	1211
chr11	30144260	30151174	ENSG00000182255[1,1,3]	0	-	30144815	30146774	0	2	3296,509,	0,6405,	chr11	30145032	30146243	retro_human_2754	0	-	KCNA4	1211
chr11	30144260	30150773	ENSG00000182255[3,1,3]	0	-	30144815	30146774	0	2	3296,108,	0,6405,	chr11	30145032	30146243	retro_human_2754	0	-	KCNA4	1211
chr11	30144575	30151174	ENSG00000182255[1,1,4]	0	-	30144815	30146774	0	2	2981,509,	0,6090,	chr11	30145032	30146243	retro_human_2754	0	-	KCNA4	1211
chr11	30144575	30150773	ENSG00000182255[3,1,4]	0	-	30144815	30146774	0	2	2981,108,	0,6090,	chr11	30145032	30146243	retro_human_2754	0	-	KCNA4	1211
chr11	62898855	62907770	ENSG00000257002[1,1,1]	0	+	62898855	62898855	0	3	120,243,486,	0,1107,8429,	chr11	62899129	62900352	retro_human_2977	0	-	CHRM1	1223
chr11	62899047	62911216	ENSG00000168539[3,3,2]	0	-	62899080	62900460	0	3	1491,92,640,	0,10984,11529,	chr11	62899129	62900352	retro_human_2977	0	-	CHRM1	1223
chr11	76964700	76972385	ENSG00000198488[1,1,1]	0	+	76969913	76971065	0	2	131,2472,	0,5213,	chr11	76970121	76971044	retro_human_11168	0	+	B3GNT6	923
chr11	95032244	95034683	ENSG00000235268[1,1,1]	0	+	95032594	95034112	0	1	2439,	0,	chr11	95032595	95033848	retro_human_8710	0	+	KDM4E	1253
chr11	95074190	95076598	ENSG00000263465[3,3,3]	0	+	95074270	95075116	255	2	1413,899,	0,1509,	chr11	95074316	95074567	retro_human_2401	0	+	SRSF8	251
chr11	95074190	95076183	ENSG00000263465[3,3,2]	0	+	95074270	95075116	255	2	1413,484,	0,1509,	chr11	95074316	95074567	retro_human_2401	0	+	SRSF8	251
chr11	95074190	95076598	ENSG00000263465[3,2,3]	0	+	95074270	95075116	0	2	1037,899,	0,1509,	chr11	95074316	95074567	retro_human_2401	0	+	SRSF8	251
chr11	95074190	95076183	ENSG00000263465[3,2,2]	0	+	95074270	95075116	0	2	1037,484,	0,1509,	chr11	95074316	95074567	retro_human_2401	0	+	SRSF8	251
chr11	95074190	95076598	ENSG00000263465[3,1,3]	0	+	95074270	95075116	0	1	2408,	0,	chr11	95074316	95074567	retro_human_2401	0	+	SRSF8	251
chr11	95074190	95076183	ENSG00000263465[3,1,2]	0	+	95074270	95075116	0	1	1993,	0,	chr11	95074316	95074567	retro_human_2401	0	+	SRSF8	251
chr11	119114206	119115898	ENSG00000188486[1,1,1]	0	-	119115348	119115777	0	1	1692,	0,	chr11	119115417	119115729	retro_human_1926	0	-	H2AX	312
chr11	119114206	119115898	ENSG00000188486[1,2,1]	0	-	119115348	119115777	0	2	438,1056,	0,636,	chr11	119115417	119115729	retro_human_1926	0	-	H2AX	312
chr12	4816144	4820388	ENSG00000151079[2,1,1]	0	+	4817060	4818647	0	1	4244,	0,	chr12	4817187	4818545	retro_human_4713	0	+	KCNA6	1358
chr12	4916901	4921140	ENSG00000111262[1,1,3]	0	+	4918425	4919910	0	2	618,3254,	0,985,	chr12	4918540	4919715	retro_human_4718	0	+	KCNA1	1175
chr12	4916901	4920185	ENSG00000111262[1,1,2]	0	+	4918425	4919910	0	2	618,2299,	0,985,	chr12	4918540	4919715	retro_human_4718	0	+	KCNA1	1175
chr12	4916901	4925352	ENSG00000111262[1,1,1]	0	+	4918425	4919910	0	2	618,7466,	0,985,	chr12	4918540	4919715	retro_human_4718	0	+	KCNA1	1175
chr12	5050229	5053206	ENSG00000130037[1,1,1]	0	+	5050548	5052354	0	1	2977,	0,	chr12	5050885	5052153	retro_human_4710	0	+	KCNA5	1268
chr12	5051797	5053206	ENSG00000130037[2,1,1]	0	+	5051805	5052354	0	1	1409,	0,	chr12	5050885	5052153	retro_human_4710	0	+	KCNA5	356
chr12	14651703	14654045	ENSG00000246705[1,1,4]	0	+	14651819	14652206	0	1	2342,	0,	chr12	14651886	14652191	retro_human_8479	0	+	H2AJ	305
chr12	14651703	14652423	ENSG00000246705[1,1,1]	0	+	14651819	14652206	0	1	720,	0,	chr12	14651886	14652191	retro_human_8479	0	+	H2AJ	305
chr12	14651703	14654045	ENSG00000246705[1,3,4]	0	+	14651819	14652206	0	2	622,1406,	0,936,	chr12	14651886	14652191	retro_human_8479	0	+	H2AJ	305
chr12	14651703	14654045	ENSG00000246705[1,2,4]	0	+	14651819	14652206	0	2	558,1406,	0,936,	chr12	14651886	14652191	retro_human_8479	0	+	H2AJ	305
chr12	14651703	14652980	ENSG00000246705[1,2,2]	0	+	14651819	14652206	0	2	558,341,	0,936,	chr12	14651886	14652191	retro_human_8479	0	+	H2AJ	305
chr12	124916753	124919908	ENSG00000150991[1,18,1]	0	-	124916924	124918979	255	3	505,1496,331,	0,733,2824,	chr12	124917383	124918067	retro_human_3677	0	-	UBC	684
chr12	124916753	124919399	ENSG00000150991[3,17,1]	0	-	124916924	124918979	255	3	505,1496,187,	0,733,2459,	chr12	124917383	124918067	retro_human_3677	0	-	UBC	684
chr12	124916753	124919908	ENSG00000150991[1,21,1]	0	-	124917142	124918979	255	3	438,1562,114,	0,667,3041,	chr12	124917383	124918067	retro_human_3677	0	-	UBC	684
chr12	124916753	124919033	ENSG00000150991[6,16,1]	0	-	124917256	124918979	255	2	507,1547,	0,733,	chr12	124916925	124917161	retro_human_3674	0	-	UBC	236
chr12	124916753	124919033	ENSG00000150991[6,16,1]	0	-	124917256	124918979	255	2	507,1547,	0,733,	chr12	124917383	124918067	retro_human_3677	0	-	UBC	684
chr12	124916753	124919033	ENSG00000150991[6,16,1]	0	-	124917256	124918979	255	2	507,1547,	0,733,	chr12	124918751	124918979	retro_human_3680	0	-	UBC	228
chr12	124916753	124919908	ENSG00000150991[1,20,1]	0	-	124916924	124918979	255	3	407,1594,114,	0,635,3041,	chr12	124917383	124918067	retro_human_3677	0	-	UBC	684
chr12	124916753	124920080	ENSG00000150991[7,22,1]	0	-	124916924	124918979	255	3	277,1496,286,	0,733,3041,	chr12	124917383	124918067	retro_human_3677	0	-	UBC	684
chr12	124916753	124919908	ENSG00000150991[1,22,1]	0	-	124916924	124918979	255	3	277,1496,114,	0,733,3041,	chr12	124917383	124918067	retro_human_3677	0	-	UBC	684
chr12	124916753	124919908	ENSG00000150991[1,19,1]	0	-	124916924	124918751	255	3	505,1487,114,	0,733,3041,	chr12	124917383	124918067	retro_human_3677	0	-	UBC	684
chr12	124916753	124919908	ENSG00000150991[1,23,1]	0	-	124917256	124918979	255	3	507,1496,114,	0,733,3041,	chr12	124917383	124918067	retro_human_3677	0	-	UBC	684
chr12	124916753	124919908	ENSG00000150991[1,15,1]	0	-	124916924	124918979	255	2	505,2422,	0,733,	chr12	124917383	124918067	retro_human_3677	0	-	UBC	684
chr12	124916753	124919033	ENSG00000150991[6,15,1]	0	-	124916924	124918979	255	2	505,1547,	0,733,	chr12	124916925	124917161	retro_human_3674	0	-	UBC	236
chr12	124916753	124919033	ENSG00000150991[6,15,1]	0	-	124916924	124918979	255	2	505,1547,	0,733,	chr12	124917383	124918067	retro_human_3677	0	-	UBC	684
chr12	124916753	124919033	ENSG00000150991[6,15,1]	0	-	124916924	124918979	255	2	505,1547,	0,733,	chr12	124918751	124918979	retro_human_3680	0	-	UBC	228
chr12	124916753	124919908	ENSG00000150991[1,11,1]	0	-	124916924	124918979	0	2	2229,331,	0,2824,	chr12	124917383	124918067	retro_human_3677	0	-	UBC	684
chr12	124916753	124919908	ENSG00000150991[1,2,1]	0	-	124916924	124918979	0	1	3155,	0,	chr12	124917383	124918067	retro_human_3677	0	-	UBC	684
chr12	124916753	124919033	ENSG00000150991[6,2,1]	0	-	124916924	124918979	0	1	2280,	0,	chr12	124916925	124917161	retro_human_3674	0	-	UBC	236
chr12	124916753	124919033	ENSG00000150991[6,2,1]	0	-	124916924	124918979	0	1	2280,	0,	chr12	124917383	124918067	retro_human_3677	0	-	UBC	684
chr12	124916753	124919033	ENSG00000150991[6,2,1]	0	-	124916924	124918979	0	1	2280,	0,	chr12	124918751	124918979	retro_human_3680	0	-	UBC	228
chr12	124916753	124920606	ENSG00000150991[2,2,1]	0	-	124916924	124918979	0	1	3853,	0,	chr12	124917383	124918067	retro_human_3677	0	-	UBC	684
chr12	124916753	124920080	ENSG00000150991[7,12,1]	0	-	124916924	124918751	0	2	2220,286,	0,3041,	chr12	124917383	124918067	retro_human_3677	0	-	UBC	684
chr12	124916753	124919908	ENSG00000150991[1,12,1]	0	-	124916924	124918751	0	2	2220,114,	0,3041,	chr12	124917383	124918067	retro_human_3677	0	-	UBC	684
chr12	124916753	124920080	ENSG00000150991[7,1,1]	0	-	124916924	124918979	0	2	2229,286,	0,3041,	chr12	124917383	124918067	retro_human_3677	0	-	UBC	684
chr12	124916753	124919908	ENSG00000150991[1,1,1]	0	-	124916924	124918979	0	2	2229,114,	0,3041,	chr12	124917383	124918067	retro_human_3677	0	-	UBC	684
chr12	124916753	124920606	ENSG00000150991[2,1,1]	0	-	124916924	124918979	0	2	2229,812,	0,3041,	chr12	124917383	124918067	retro_human_3677	0	-	UBC	684
chr12	124918447	124919908	ENSG00000150991[1,10,3]	0	-	124918966	124919621	0	2	535,403,	0,1058,	chr12	124918751	124918979	retro_human_3680	0	-	UBC	228
chr12	124918447	124919908	ENSG00000150991[1,11,3]	0	-	124918447	124918447	0	2	535,331,	0,1130,	chr12	124918751	124918979	retro_human_3680	0	-	UBC	228
chr12	124918447	124919399	ENSG00000150991[3,6,3]	0	-	124918447	124918447	0	2	535,187,	0,765,	chr12	124918523	124918655	retro_human_3679	0	-	UBC	132
chr12	124918447	124919399	ENSG00000150991[3,6,3]	0	-	124918447	124918447	0	2	535,187,	0,765,	chr12	124918751	124918979	retro_human_3680	0	-	UBC	228
chr12	124918447	124919908	ENSG00000150991[1,9,3]	0	-	124919504	124919621	0	2	535,607,	0,854,	chr12	124918751	124918979	retro_human_3680	0	-	UBC	228
chr12	124918447	124919399	ENSG00000150991[3,4,3]	0	-	124918447	124918447	0	2	535,223,	0,729,	chr12	124918523	124918655	retro_human_3679	0	-	UBC	132
chr12	124918447	124919399	ENSG00000150991[3,4,3]	0	-	124918447	124918447	0	2	535,223,	0,729,	chr12	124918751	124918979	retro_human_3680	0	-	UBC	228
chr12	130199551	130202933	ENSG00000111432[1,1,1]	0	+	130200085	130201828	0	1	3382,	0,	chr12	130200182	130201684	retro_human_932	0	+	FZD10	1502
chr12	130200372	130202933	ENSG00000111432[2,1,1]	0	+	130200409	130201828	0	1	2561,	0,	chr12	130200182	130201684	retro_human_932	0	+	FZD10	1312
chr13	44412853	44414818	ENSG00000180332[2,2,1]	0	-	44413841	44414618	0	1	1965,	0,	chr13	44414205	44414510	retro_human_6849	0	-	KCTD4	305
chr13	44413132	44414818	ENSG00000180332[2,2,2]	0	-	44413841	44414618	0	1	1686,	0,	chr13	44414205	44414510	retro_human_6849	0	-	KCTD4	305
chr13	44413524	44414818	ENSG00000180332[2,2,3]	0	-	44413841	44414618	0	1	1294,	0,	chr13	44414205	44414510	retro_human_6849	0	-	KCTD4	305
chr13	48847376	48851207	ENSG00000152213[1,1,2]	0	+	48849367	48849955	0	2	159,1858,	0,1973,	chr13	48849395	48849895	retro_human_7803	0	+	ARL11	500
chr13	48847376	48850807	ENSG00000152213[1,1,5]	0	+	48849367	48849955	0	2	159,1458,	0,1973,	chr13	48849395	48849895	retro_human_7803	0	+	ARL11	500
chr13	48847376	48850648	ENSG00000152213[1,1,4]	0	+	48849367	48849955	0	2	159,1299,	0,1973,	chr13	48849395	48849895	retro_human_7803	0	+	ARL11	500
chr13	48847376	48850406	ENSG00000152213[1,1,3]	0	+	48849367	48849955	0	2	159,1057,	0,1973,	chr13	48849395	48849895	retro_human_7803	0	+	ARL11	500
chr14	32442639	32444833	ENSG00000176435[1,1,1]	0	-	32443242	32444712	0	1	2194,	0,	chr14	32444167	32444571	retro_human_3706	0	-	CLEC14A	404
chr14	32442639	32445109	ENSG00000176435[2,1,1]	0	-	32443242	32444712	0	1	2470,	0,	chr14	32444167	32444571	retro_human_3706	0	-	CLEC14A	404
chr14	67698840	67701025	ENSG00000170468[1,1,2]	0	+	67698975	67700898	0	1	2185,	0,	chr14	67699582	67700871	retro_human_2261	0	+	RIOX1	1289
chr14	67698840	67701404	ENSG00000170468[1,1,1]	0	+	67698975	67700898	0	1	2564,	0,	chr14	67699582	67700871	retro_human_2261	0	+	RIOX1	1289
chr14	67699674	67701404	ENSG00000170468[2,1,1]	0	+	67699722	67700898	0	1	1730,	0,	chr14	67699582	67700871	retro_human_2261	0	+	RIOX1	1197
chr14	67700613	67701404	ENSG00000170468[3,1,1]	0	+	67700622	67700898	0	1	791,	0,	chr14	67699582	67700871	retro_human_2261	0	+	RIOX1	258
chr14	95796554	95798756	ENSG00000197406[1,1,1]	0	+	95796750	95797257	0	1	2202,	0,	chr14	95797057	95797623	retro_human_6110	0	+	DIO3	566
chr15	21300037	21311320	ENSG00000179455[1,10,2]	0	+	21300083	21309833	0	3	210,177,1551,	0,1184,9732,	chr15	21300479	21301717	retro_human_3818	0	+	MKRN3	1238
chr15	21300037	21309956	ENSG00000179455[1,10,6]	0	+	21300083	21309833	0	3	210,177,187,	0,1184,9732,	chr15	21300479	21301717	retro_human_3818	0	+	MKRN3	1238
chr15	21300037	21311320	ENSG00000179455[1,3,2]	0	+	21300196	21309833	0	3	464,177,1551,	0,1184,9732,	chr15	21300479	21301717	retro_human_3818	0	+	MKRN3	1238
chr15	21300037	21309956	ENSG00000179455[1,3,6]	0	+	21300196	21309833	0	3	464,177,187,	0,1184,9732,	chr15	21300479	21301717	retro_human_3818	0	+	MKRN3	1238
chr15	21300037	21303364	ENSG00000179455[1,1,10]	0	+	21300196	21301717	0	1	3327,	0,	chr15	21300479	21301717	retro_human_3818	0	+	MKRN3	1238
chr15	21300037	21302903	ENSG00000179455[1,1,9]	0	+	21300196	21301717	0	1	2866,	0,	chr15	21300479	21301717	retro_human_3818	0	+	MKRN3	1238
chr15	21300037	21302508	ENSG00000179455[1,1,1]	0	+	21300196	21301717	0	1	2471,	0,	chr15	21300479	21301717	retro_human_3818	0	+	MKRN3	1238
chr15	21300485	21303364	ENSG00000179455[3,1,10]	0	+	21300571	21301717	0	1	2879,	0,	chr15	21300479	21301717	retro_human_3818	0	+	MKRN3	1232
chr15	21300485	21302903	ENSG00000179455[3,1,9]	0	+	21300571	21301717	0	1	2418,	0,	chr15	21300479	21301717	retro_human_3818	0	+	MKRN3	1232
chr15	21300485	21302508	ENSG00000179455[3,1,1]	0	+	21300571	21301717	0	1	2023,	0,	chr15	21300479	21301717	retro_human_3818	0	+	MKRN3	1232
chr15	21377919	21379335	ENSG00000254585[2,1,1]	0	-	21378416	21379028	0	1	1416,	0,	chr15	21378516	21379106	retro_human_2026	0	-	MAGEL2	590
chr15	21377919	21382338	ENSG00000254585[1,1,1]	0	-	21378416	21382163	0	1	4419,	0,	chr15	21378516	21379106	retro_human_2026	0	-	MAGEL2	590
chr15	27043308	27048242	ENSG00000185115[1,1,1]	0	-	27047163	27048075	0	1	4934,	0,	chr15	27047230	27047841	retro_human_7858	0	-	NSMCE3	611
chr15	27046474	27048242	ENSG00000185115[1,1,2]	0	-	27047163	27048075	0	1	1768,	0,	chr15	27047230	27047841	retro_human_7858	0	-	NSMCE3	611
chr15	27046474	27047413	ENSG00000185115[2,1,2]	0	-	27047163	27047295	0	1	939,	0,	chr15	27047230	27047841	retro_human_7858	0	-	NSMCE3	183
chr15	27046710	27048242	ENSG00000185115[1,1,3]	0	-	27047163	27048075	0	1	1532,	0,	chr15	27047230	27047841	retro_human_7858	0	-	NSMCE3	611
chr15	27046710	27047413	ENSG00000185115[2,1,3]	0	-	27047163	27047295	0	1	703,	0,	chr15	27047230	27047841	retro_human_7858	0	-	NSMCE3	183
chr15	38088306	38089549	ENSG00000230778[2,1,2]	0	-	38088359	38089499	0	1	1243,	0,	chr15	38088978	38089382	retro_human_8253	0	-	ANKRD63	404
chr15	41130899	41137939	ENSG00000168806[1,1,1]	0	-	41135738	41137796	0	1	7040,	0,	chr15	41136855	41137763	retro_human_7317	0	-	LCMT2	908
chr15	41134563	41137939	ENSG00000168806[1,1,3]	0	-	41135738	41137796	0	1	3376,	0,	chr15	41136855	41137763	retro_human_7317	0	-	LCMT2	908
chr15	41134563	41137634	ENSG00000168806[4,1,3]	0	-	41135738	41137136	0	1	3071,	0,	chr15	41136855	41137763	retro_human_7317	0	-	LCMT2	779
chr15	41135034	41137939	ENSG00000168806[1,1,4]	0	-	41135738	41137796	0	1	2905,	0,	chr15	41136855	41137763	retro_human_7317	0	-	LCMT2	908
chr15	41135034	41137634	ENSG00000168806[4,1,4]	0	-	41135738	41137136	0	1	2600,	0,	chr15	41136855	41137763	retro_human_7317	0	-	LCMT2	779
chr15	57413429	57421751	ENSG00000140297[1,2,2]	0	+	57419931	57421245	0	3	249,332,1880,	0,4813,6442,	chr15	57420256	57421242	retro_human_1548	0	+	GCNT3	986
chr15	57413429	57422564	ENSG00000140297[1,1,9]	0	+	57419931	57421245	0	3	249,190,2693,	0,4955,6442,	chr15	57420256	57421242	retro_human_1548	0	+	GCNT3	986
chr15	57413429	57421751	ENSG00000140297[1,1,2]	0	+	57419931	57421245	0	3	249,190,1880,	0,4955,6442,	chr15	57420256	57421242	retro_human_1548	0	+	GCNT3	986
chr15	57419581	57421751	ENSG00000140297[6,10,2]	0	+	57419931	57421245	0	2	198,1880,	0,290,	chr15	57420256	57421242	retro_human_1548	0	+	GCNT3	986
chr15	57419581	57420440	ENSG00000140297[6,10,7]	0	+	57419615	57419747	0	2	198,569,	0,290,	chr15	57420256	57421242	retro_human_1548	0	+	GCNT3	184
chr15	57805869	57809183	ENSG00000171956[1,1,1]	0	+	57806649	57807624	0	2	460,2591,	0,723,	chr15	57806620	57806964	retro_human_1544	0	+	FOXB1	344
chr15	62886113	62889416	ENSG00000234438[1,1,1]	0	+	62886233	62887607	0	1	3303,	0,	chr15	62886774	62887391	retro_human_7414	0	+	KBTBD13	617
chr16	3041233	3044805	ENSG00000184697[1,4,1]	0	-	3041933	3042593	255	2	1376,85,	0,3487,	chr16	3042081	3042506	retro_human_1644	0	-	CLDN6	425
chr16	3041233	3044805	ENSG00000184697[1,3,1]	0	-	3041729	3042593	0	3	520,114,85,	0,1267,3487,	chr16	3042081	3042506	retro_human_1644	0	-	CLDN6	425
chr16	3041233	3044805	ENSG00000184697[1,1,1]	0	-	3041933	3042593	0	2	1381,85,	0,3487,	chr16	3042081	3042506	retro_human_1644	0	-	CLDN6	425
chr16	11290596	11292483	ENSG00000185338[1,2,1]	0	-	11291074	11291707	0	1	1887,	0,	chr16	11291075	11291512	retro_human_4407	0	-	SOCS1	437
chr16	11290596	11292483	ENSG00000185338[1,1,1]	0	-	11291074	11291707	0	2	1161,176,	0,1711,	chr16	11291075	11291512	retro_human_4407	0	-	SOCS1	437
chr16	30829819	30832163	ENSG00000179918[1,1,1]	0	-	30831789	30831966	0	1	2344,	0,	chr16	30830665	30831873	retro_human_1036	0	-	SEPHS2	1208
chr16	30829819	30832470	ENSG00000179918[2,1,1]	0	-	30831789	30831966	0	1	2651,	0,	chr16	30830665	30831873	retro_human_1036	0	-	SEPHS2	1208
chr16	30830199	30832163	ENSG00000179918[1,1,2]	0	-	30831789	30831966	0	1	1964,	0,	chr16	30830665	30831873	retro_human_1036	0	-	SEPHS2	1208
chr16	61364764	61366415	ENSG00000256812[1,1,2]	0	+	61364887	61365631	0	1	1651,	0,	chr16	61365029	61365631	retro_human_261	0	+	CAPNS2	602
chr16	61364764	61365868	ENSG00000256812[1,1,1]	0	+	61364887	61365631	0	1	1104,	0,	chr16	61365029	61365631	retro_human_261	0	+	CAPNS2	602
chr16	72942345	72945340	ENSG00000237172[1,1,1]	0	-	72943571	72944777	0	2	2618,184,	0,2811,	chr16	72943629	72944522	retro_human_2249	0	-	B3GNT9	893
chr16	72942345	72945556	ENSG00000237172[2,1,1]	0	-	72943571	72944777	0	2	2618,400,	0,2811,	chr16	72943629	72944522	retro_human_2249	0	-	B3GNT9	893
chr16	72943458	72945556	ENSG00000237172[2,1,2]	0	-	72943571	72944777	0	2	1505,400,	0,1698,	chr16	72943629	72944522	retro_human_2249	0	-	B3GNT9	893
chr16	72943458	72945340	ENSG00000237172[1,1,2]	0	-	72943571	72944777	0	2	1505,184,	0,1698,	chr16	72943629	72944522	retro_human_2249	0	-	B3GNT9	893
chr16	73817003	73819062	ENSG00000182810[1,1,2]	0	-	73817362	73818982	0	1	2059,	0,	chr16	73817375	73818670	retro_human_2252	0	-	DDX28	1295
chr16	73817003	73819272	ENSG00000182810[2,1,2]	0	-	73817362	73818982	0	1	2269,	0,	chr16	73817375	73818670	retro_human_2252	0	-	DDX28	1295
chr16	76058455	76062983	ENSG00000223496[1,1,2]	0	-	76062077	76062893	0	1	4528,	0,	chr16	76062282	76062788	retro_human_5383	0	-	EXOSC6	506
chr16	76059037	76062983	ENSG00000223496[1,1,3]	0	-	76062077	76062893	0	1	3946,	0,	chr16	76062282	76062788	retro_human_5383	0	-	EXOSC6	506
chr16	76059714	76062983	ENSG00000223496[1,1,4]	0	-	76062077	76062893	0	1	3269,	0,	chr16	76062282	76062788	retro_human_5383	0	-	EXOSC6	506
chr16	76060347	76062983	ENSG00000223496[1,1,5]	0	-	76062077	76062893	0	1	2636,	0,	chr16	76062282	76062788	retro_human_5383	0	-	EXOSC6	506
chr16	76061082	76062983	ENSG00000223496[1,1,6]	0	-	76062077	76062893	0	1	1901,	0,	chr16	76062282	76062788	retro_human_5383	0	-	EXOSC6	506
chr17	7255823	7258985	ENSG00000213859[2,1,1]	0	+	7256927	7257623	0	1	3162,	0,	chr17	7256850	7257173	retro_human_2229	0	+	KCTD11	323
chr17	7256096	7258985	ENSG00000213859[1,1,1]	0	+	7256927	7257623	0	1	2889,	0,	chr17	7256850	7257173	retro_human_2229	0	+	KCTD11	323
chr17	7256253	7258985	ENSG00000213859[3,1,1]	0	+	7256927	7257623	0	1	2732,	0,	chr17	7256850	7257173	retro_human_2229	0	+	KCTD11	323
chr17	7256825	7258985	ENSG00000213859[4,1,1]	0	+	7256927	7257623	0	1	2160,	0,	chr17	7256850	7257173	retro_human_2229	0	+	KCTD11	323
chr17	16283065	16285113	ENSG00000170315[3,7,1]	0	+	16284225	16284912	0	2	289,894,	0,1154,	chr17	16284226	16284456	retro_human_6425	0	+	UBB	230
chr17	16283065	16285113	ENSG00000170315[3,7,1]	0	+	16284225	16284912	0	2	289,894,	0,1154,	chr17	16284676	16284909	retro_human_6218	0	+	UBB	233
chr17	16283065	16285113	ENSG00000170315[3,6,1]	0	+	16284225	16284912	0	2	282,894,	0,1154,	chr17	16284226	16284456	retro_human_6425	0	+	UBB	230
chr17	16283065	16285113	ENSG00000170315[3,6,1]	0	+	16284225	16284912	0	2	282,894,	0,1154,	chr17	16284676	16284909	retro_human_6218	0	+	UBB	233
chr17	16283065	16285113	ENSG00000170315[3,1,1]	0	+	16284225	16284912	0	2	437,894,	0,1154,	chr17	16284226	16284456	retro_human_6425	0	+	UBB	230
chr17	16283065	16285113	ENSG00000170315[3,1,1]	0	+	16284225	16284912	0	2	437,894,	0,1154,	chr17	16284676	16284909	retro_human_6218	0	+	UBB	233
chr17	16283358	16285113	ENSG00000170315[1,9,1]	0	+	16284453	16284912	255	2	144,665,	0,1090,	chr17	16284226	16284456	retro_human_6425	0	+	UBB	230
chr17	16283358	16285113	ENSG00000170315[1,9,1]	0	+	16284453	16284912	255	2	144,665,	0,1090,	chr17	16284676	16284909	retro_human_6218	0	+	UBB	233
chr17	16283358	16285113	ENSG00000170315[1,8,1]	0	+	16284681	16284912	0	2	144,437,	0,1318,	chr17	16284226	16284456	retro_human_6425	0	+	UBB	230
chr17	16283358	16285113	ENSG00000170315[1,8,1]	0	+	16284681	16284912	0	2	144,437,	0,1318,	chr17	16284676	16284909	retro_human_6218	0	+	UBB	233
chr17	16283358	16285113	ENSG00000170315[1,1,1]	0	+	16284225	16284912	0	2	144,894,	0,861,	chr17	16284226	16284456	retro_human_6425	0	+	UBB	230
chr17	16283358	16285113	ENSG00000170315[1,1,1]	0	+	16284225	16284912	0	2	144,894,	0,861,	chr17	16284676	16284909	retro_human_6218	0	+	UBB	233
chr17	16283557	16285113	ENSG00000170315[2,10,1]	0	+	16284225	16284912	255	2	226,894,	0,662,	chr17	16284226	16284456	retro_human_6425	0	+	UBB	230
chr17	16283557	16285113	ENSG00000170315[2,10,1]	0	+	16284225	16284912	255	2	226,894,	0,662,	chr17	16284676	16284909	retro_human_6218	0	+	UBB	233
chr17	16283557	16284554	ENSG00000170315[2,4,2]	0	+	16283853	16283955	0	2	440,335,	0,662,	chr17	16284226	16284456	retro_human_6425	0	+	UBB	230
chr17	16283557	16285113	ENSG00000170315[2,2,1]	0	+	16284225	16284912	0	2	223,894,	0,662,	chr17	16284226	16284456	retro_human_6425	0	+	UBB	230
chr17	16283557	16285113	ENSG00000170315[2,2,1]	0	+	16284225	16284912	0	2	223,894,	0,662,	chr17	16284676	16284909	retro_human_6218	0	+	UBB	233
chr17	16283557	16285113	ENSG00000170315[2,3,1]	0	+	16284225	16284912	0	2	276,894,	0,662,	chr17	16284226	16284456	retro_human_6425	0	+	UBB	230
chr17	16283557	16285113	ENSG00000170315[2,3,1]	0	+	16284225	16284912	0	2	276,894,	0,662,	chr17	16284676	16284909	retro_human_6218	0	+	UBB	233
chr17	32240209	32242974	ENSG00000126861[1,2,1]	0	-	32240696	32242016	0	1	2765,	0,	chr17	32241333	32241941	retro_human_8771	0	-	OMG	608
chr17	32240209	32243274	ENSG00000126861[3,2,1]	0	-	32240696	32242016	0	1	3065,	0,	chr17	32241333	32241941	retro_human_8771	0	-	OMG	608
chr17	32240209	32242974	ENSG00000126861[1,1,1]	0	-	32240696	32242016	0	2	1813,134,	0,2631,	chr17	32241333	32241941	retro_human_8771	0	-	OMG	608
chr17	32240209	32243274	ENSG00000126861[3,1,1]	0	-	32240696	32242016	0	2	1813,434,	0,2631,	chr17	32241333	32241941	retro_human_8771	0	-	OMG	608
chr17	38496507	38500233	ENSG00000276023[3,3,1]	0	+	38498955	38499549	0	2	936,1370,	0,2356,	chr17	38499022	38499492	retro_human_473	0	+	DUSP14	470
chr17	41226392	41227377	ENSG00000183153[2,1,2]	0	-	41226445	41227327	0	1	985,	0,	chr17	41226701	41227312	retro_human_9329	0	-	GJD3	611
chr17	44248706	44250747	ENSG00000175906[1,1,2]	0	+	44249496	44250099	0	2	151,1323,	0,718,	chr17	44249560	44250066	retro_human_9674	0	+	ARL4D	506
chr17	44248706	44250951	ENSG00000175906[1,1,1]	0	+	44249496	44250099	0	2	151,1527,	0,718,	chr17	44249560	44250066	retro_human_9674	0	+	ARL4D	506
chr17	45656934	45661886	ENSG00000182963[2,2,2]	0	-	45658580	45659768	0	2	2854,541,	0,4411,	chr17	45658992	45659762	retro_human_8951	0	-	GJC1	770
chr17	51730456	51733548	ENSG00000141232[1,3,3]	0	-	51730456	51730456	0	2	642,347,	0,2745,	chr17	51730817	51731164	retro_human_3855	0	-	TOB1	347
chr17	71047802	71054495	ENSG00000123700[1,1,3]	0	+	71053818	71054073	0	2	220,1351,	0,5342,	chr17	71053490	71054509	retro_human_4738	0	+	KCNJ2	1005
chr17	74054750	74060886	ENSG00000180616[1,2,4]	0	+	74059111	74060218	0	3	329,169,1867,	0,3007,4269,	chr17	74059256	74060254	retro_human_10241	0	+	SSTR2	998
chr17	74054750	74062455	ENSG00000180616[1,1,6]	0	+	74059111	74060218	0	2	329,3436,	0,4269,	chr17	74059256	74060254	retro_human_10241	0	+	SSTR2	998
chr17	74054750	74061793	ENSG00000180616[1,1,5]	0	+	74059111	74060218	0	2	329,2774,	0,4269,	chr17	74059256	74060254	retro_human_10241	0	+	SSTR2	998
chr17	74054750	74060886	ENSG00000180616[1,1,4]	0	+	74059111	74060218	0	2	329,1867,	0,4269,	chr17	74059256	74060254	retro_human_10241	0	+	SSTR2	998
chr17	74054750	74060546	ENSG00000180616[1,1,3]	0	+	74059111	74060218	0	2	329,1527,	0,4269,	chr17	74059256	74060254	retro_human_10241	0	+	SSTR2	998
chr17	79250249	79253649	ENSG00000184557[1,1,1]	0	-	79251942	79252617	0	2	2456,378,	0,3022,	chr17	79251955	79252518	retro_human_6499	0	-	SOCS3	563
chr18	12013622	12015433	ENSG00000255112[1,1,4]	0	+	12013771	12014368	0	1	1811,	0,	chr18	12013901	12014362	retro_human_10813	0	+	CHMP1B	461
chr18	12013622	12015182	ENSG00000255112[1,1,3]	0	+	12013771	12014368	0	1	1560,	0,	chr18	12013901	12014362	retro_human_10813	0	+	CHMP1B	461
chr18	12013622	12015005	ENSG00000255112[1,1,2]	0	+	12013771	12014368	0	1	1383,	0,	chr18	12013901	12014362	retro_human_10813	0	+	CHMP1B	461
chr18	12013622	12016752	ENSG00000255112[1,1,1]	0	+	12013771	12014368	0	1	3130,	0,	chr18	12013901	12014362	retro_human_10813	0	+	CHMP1B	461
chr18	67725129	67735622	ENSG00000171451[2,1,1]	0	-	67729567	67733233	0	2	8958,670,	0,9823,	chr18	67731131	67733020	retro_human_3102	0	-	DSEL	1889
chr18	67729452	67735362	ENSG00000171451[1,1,2]	0	-	67729567	67733233	0	2	4635,410,	0,5500,	chr18	67731131	67733020	retro_human_3102	0	-	DSEL	1889
chr18	67730287	67735362	ENSG00000171451[1,1,3]	0	-	67731051	67731327	0	2	3800,410,	0,4665,	chr18	67731131	67733020	retro_human_3102	0	-	DSEL	1889
chr18	67730820	67735362	ENSG00000171451[1,1,4]	0	-	67731051	67731327	0	2	3267,410,	0,4132,	chr18	67731131	67733020	retro_human_3102	0	-	DSEL	1889
chr18	67731346	67735362	ENSG00000171451[1,1,5]	0	-	67731861	67732092	0	2	2741,410,	0,3606,	chr18	67731131	67733020	retro_human_3102	0	-	DSEL	1674
chr19	3153546	3155210	ENSG00000125910[1,1,1]	0	+	3153620	3154772	0	1	1664,	0,	chr19	3153597	3154592	retro_human_8192	0	+	S1PR4	995
chr19	3153936	3155210	ENSG00000125910[3,1,1]	0	+	3154058	3154772	0	1	1274,	0,	chr19	3153597	3154592	retro_human_8192	0	+	S1PR4	656
chr19	3154116	3155210	ENSG00000125910[4,1,1]	0	+	3154151	3154772	0	1	1094,	0,	chr19	3153597	3154592	retro_human_8192	0	+	S1PR4	476
chr19	10639128	10643939	ENSG00000180739[1,1,1]	0	-	10640261	10641455	0	2	2345,100,	0,4711,	chr19	10640433	10641473	retro_human_6257	0	-	S1PR5	1040
chr19	10639333	10643939	ENSG00000180739[1,3,2]	0	-	10640261	10641455	0	2	2140,457,	0,4149,	chr19	10640433	10641473	retro_human_6257	0	-	S1PR5	1040
chr19	10639333	10644423	ENSG00000180739[2,2,2]	0	-	10640261	10641455	0	2	2140,158,	0,4932,	chr19	10640433	10641473	retro_human_6257	0	-	S1PR5	1040
chr19	10639333	10644423	ENSG00000180739[2,1,2]	0	-	10640261	10641455	0	2	2140,584,	0,4506,	chr19	10640433	10641473	retro_human_6257	0	-	S1PR5	1040
chr19	10639333	10643939	ENSG00000180739[1,1,2]	0	-	10640261	10641455	0	2	2140,100,	0,4506,	chr19	10640433	10641473	retro_human_6257	0	-	S1PR5	1040
chr19	11926673	11937325	ENSG00000177599[1,4,6]	0	+	11934154	11935465	0	2	255,3178,	0,7474,	chr19	11934200	11935357	retro_human_1987	0	+	ZNF491	1157
chr19	11926673	11936754	ENSG00000177599[1,4,1]	0	+	11934154	11935465	0	2	255,2607,	0,7474,	chr19	11934200	11935357	retro_human_1987	0	+	ZNF491	1157
chr19	11926673	11937325	ENSG00000177599[1,1,6]	0	+	11934154	11935465	0	3	255,126,3178,	0,6069,7474,	chr19	11934200	11935357	retro_human_1987	0	+	ZNF491	1157
chr19	11926673	11936754	ENSG00000177599[1,1,1]	0	+	11934154	11935465	0	3	255,126,2607,	0,6069,7474,	chr19	11934200	11935357	retro_human_1987	0	+	ZNF491	1157
chr19	11926673	11936344	ENSG00000177599[1,1,5]	0	+	11934154	11935465	0	3	255,126,2197,	0,6069,7474,	chr19	11934200	11935357	retro_human_1987	0	+	ZNF491	1157
chr19	44246532	44248660	ENSG00000177191[1,1,1]	0	-	44246823	44248014	255	2	1514,141,	0,1987,	chr19	44246824	44247699	retro_human_8872	0	-	B3GNT8	875
chr19	44246532	44248660	ENSG00000177191[1,3,1]	0	-	44246823	44247174	0	2	1143,141,	0,1987,	chr19	44246824	44247699	retro_human_8872	0	-	B3GNT8	875
chr19	44247241	44248660	ENSG00000177191[1,3,2]	0	-	44247241	44247241	0	2	434,141,	0,1278,	chr19	44246824	44247699	retro_human_8872	0	-	B3GNT8	458
chr19	54848323	54857775	ENSG00000171049[1,2,1]	0	+	54855852	54856905	0	3	101,156,1937,	0,2232,7515,	chr19	54855940	54856887	retro_human_9599	0	+	FPR2	947
chr19	54848323	54857257	ENSG00000171049[1,2,2]	0	+	54855852	54856905	0	3	101,156,1419,	0,2232,7515,	chr19	54855940	54856887	retro_human_9599	0	+	FPR2	947
chr19	54848323	54857775	ENSG00000171049[1,1,1]	0	+	54855852	54856905	0	2	101,1937,	0,7515,	chr19	54855940	54856887	retro_human_9599	0	+	FPR2	947
chr19	58701296	58713261	ENSG00000261221[3,1,1]	0	+	58709560	58712737	0	2	378,3727,	0,8238,	chr19	58710596	58712623	retro_human_10694	0	+	ZNF865	2027
chr19	58701538	58713261	ENSG00000261221[1,1,1]	0	+	58709560	58712737	0	2	136,3727,	0,7996,	chr19	58710596	58712623	retro_human_10694	0	+	ZNF865	2027
chr19	59756077	59765943	ENSG00000127903[1,2,1]	0	-	59757737	59759348	0	2	3318,233,	0,9633,	chr19	59757858	59759069	retro_human_1271	0	-	ZNF835	1211
chr19	59756077	59765943	ENSG00000127903[1,1,1]	0	-	59757737	59759348	0	2	3318,258,	0,9608,	chr19	59757858	59759069	retro_human_1271	0	-	ZNF835	1211
chr19	59756748	59765943	ENSG00000127903[1,2,3]	0	-	59757737	59759348	0	2	2647,233,	0,8962,	chr19	59757858	59759069	retro_human_1271	0	-	ZNF835	1211
chr19	59756748	59765943	ENSG00000127903[1,1,3]	0	-	59757737	59759348	0	2	2647,258,	0,8937,	chr19	59757858	59759069	retro_human_1271	0	-	ZNF835	1211
chr20	23094742	23096343	ENSG00000132671[1,1,2]	0	+	23094964	23096128	0	1	1601,	0,	chr20	23095082	23096116	retro_human_4755	0	+	SSTR4	1034
chr20	23105063	23109203	ENSG00000178726[1,1,1]	0	-	23107260	23108985	0	1	4140,	0,	chr20	23107513	23108283	retro_human_3786	0	-	THBD	770
chr20	23105428	23109203	ENSG00000178726[1,1,2]	0	-	23107260	23108985	0	1	3775,	0,	chr20	23107513	23108283	retro_human_3786	0	-	THBD	770
chr20	23106541	23109203	ENSG00000178726[1,1,3]	0	-	23107260	23108985	0	1	2662,	0,	chr20	23107513	23108283	retro_human_3786	0	-	THBD	770
chr20	33446068	33448071	ENSG00000281376[1,1,1]	0	+	33446068	33446068	0	1	2003,	0,	chr20	33446216	33446575	retro_human_4197	0	-	BCL2L1	359
chr20	33446216	33447760	ENSG00000171552[6,17,4]	0	-	33446637	33446745	0	2	726,531,	0,1013,	chr20	33446216	33446575	retro_human_4197	0	-	BCL2L1	359
chr20	33568860	33570262	ENSG00000179772[1,1,1]	0	-	33569160	33570150	0	1	1402,	0,	chr20	33569830	33570177	retro_human_4199	0	-	FOXS1	347
chr20	61720884	61724627	ENSG00000132825[1,1,1]	0	-	61723306	61724203	0	1	3743,	0,	chr20	61723307	61723906	retro_human_9494	0	-	PPP1R3D	599
chr20	61721060	61724627	ENSG00000132825[1,1,2]	0	-	61723306	61724203	0	1	3567,	0,	chr20	61723307	61723906	retro_human_9494	0	-	PPP1R3D	599
chr20	61721060	61724297	ENSG00000132825[3,1,2]	0	-	61723306	61724203	0	1	3237,	0,	chr20	61723307	61723906	retro_human_9494	0	-	PPP1R3D	599
chr20	61721060	61724077	ENSG00000132825[2,1,2]	0	-	61723136	61723370	0	1	3017,	0,	chr20	61723307	61723906	retro_human_9494	0	-	PPP1R3D	599
chr20	61722802	61724627	ENSG00000132825[1,1,3]	0	-	61723306	61724203	0	1	1825,	0,	chr20	61723307	61723906	retro_human_9494	0	-	PPP1R3D	599
chr20	61722802	61724297	ENSG00000132825[3,1,3]	0	-	61723306	61724203	0	1	1495,	0,	chr20	61723307	61723906	retro_human_9494	0	-	PPP1R3D	599
chr20	61722802	61724077	ENSG00000132825[2,1,3]	0	-	61723136	61723370	0	1	1275,	0,	chr20	61723307	61723906	retro_human_9494	0	-	PPP1R3D	599
chr21	41920682	41921242	ENSG00000274559[1,1,1]	0	+	41920782	41921160	0	1	560,	0,	chr21	41920881	41921160	retro_human_487	0	+	H2BS1	279
chr21	28579822	28582014	ENSG00000156284[1,1,1]	0	-	28581117	28581792	0	1	2192,	0,	chr21	28581172	28581714	retro_human_8843	0	-	CLDN8	542
chr21	28580145	28582014	ENSG00000156284[1,1,2]	0	-	28581117	28581792	0	1	1869,	0,	chr21	28581172	28581714	retro_human_8843	0	-	CLDN8	542
chr21	34843171	34849092	ENSG00000159261[2,2,1]	0	-	34843579	34844296	0	2	1206,125,	0,5796,	chr21	34843700	34844296	retro_human_4970	0	-	CLDN14	596
chr21	36679939	36683214	ENSG00000157551[5,20,6]	0	+	36679939	36679939	0	3	129,98,538,	0,419,2737,	chr21	36682692	36683645	retro_human_7678	0	+	KCNJ15	522
chr21	41920675	41921242	ENSG00000234289[1,1,1]	0	+	41920782	41921160	0	1	567,	0,	chr21	41920881	41921160	retro_human_487	0	+	H2BS1	279
chr22	21796869	21803074	ENSG00000275793[1,1,1]	0	+	21797404	21802321	0	1	6205,	0,	chr22	21798533	21802300	retro_human_9293	0	+	RIMBP3C	3767
chr22	19505371	19507286	ENSG00000206203[2,1,1]	0	+	19506013	19507087	0	1	1915,	0,	chr22	19506044	19506829	retro_human_10249	0	+	TSSK2	785
chr22	19899814	19902314	ENSG00000184113[2,2,1]	0	-	19900442	19901351	0	2	1569,319,	0,2181,	chr22	19900443	19901096	retro_human_3800	0	-	CLDN5	653
chr22	19899814	19904436	ENSG00000184113[3,3,1]	0	-	19900442	19901351	0	2	1569,1079,	0,3543,	chr22	19900443	19901096	retro_human_3800	0	-	CLDN5	653
chr22	19899814	19901301	ENSG00000184113[1,1,1]	0	-	19900442	19901096	0	1	1487,	0,	chr22	19900443	19901096	retro_human_3800	0	-	CLDN5	653
chr22	19899814	19902314	ENSG00000184113[2,1,1]	0	-	19900442	19901351	0	1	2500,	0,	chr22	19900443	19901096	retro_human_3800	0	-	CLDN5	653
chr22	21796869	21803074	ENSG00000274600[1,1,1]	0	+	21797404	21802321	0	1	6205,	0,	chr22	21798533	21802300	retro_human_9293	0	+	RIMBP3C	3767
chr22	22907649	22912360	ENSG00000275004[2,2,2]	0	-	22910611	22912240	0	2	1171,2658,	0,2053,	chr22	22910708	22912108	retro_human_3395	0	-	ZNF280B	1400
chr22	22936535	22943191	ENSG00000169548[1,2,1]	0	-	22936854	22938480	255	3	2016,1052,232,	0,2180,6424,	chr22	22936957	22938354	retro_human_3396	0	-	ZNF280A	1397
chr22	22936535	22943191	ENSG00000169548[1,1,1]	0	-	22936854	22938480	0	2	2016,232,	0,6424,	chr22	22936957	22938354	retro_human_3396	0	-	ZNF280A	1397
chr22	24185828	24198355	ENSG00000187792[1,1,1]	0	-	24191000	24192338	0	2	6589,452,	0,12075,	chr22	24190776	24192203	retro_human_6376	0	-	ZNF70	1427
chr22	37664104	37672288	ENSG00000278195[3,1,1]	0	-	37666467	37667721	0	2	3653,546,	0,7638,	chr22	37666699	37667619	retro_human_2631	0	-	SSTR3	920
chr22	41331690	41334355	ENSG00000172404[1,1,1]	0	-	41333259	41334186	0	1	2665,	0,	chr22	41333908	41334186	retro_human_7741	0	-	DNAJB7	278
chr22	43172934	43175900	ENSG00000128274[2,2,1]	0	-	43173756	43174815	0	2	1927,494,	0,2472,	chr22	43173769	43174581	retro_human_2276	0	-	A4GALT	812
chr22	43172934	43176549	ENSG00000128274[3,3,1]	0	-	43173756	43174815	0	2	1927,193,	0,3422,	chr22	43173769	43174581	retro_human_2276	0	-	A4GALT	812
chr22	51033039	51035395	ENSG00000025770[4,16,1]	0	+	51033091	51033937	255	5	95,50,102,150,1596,	0,196,346,542,760,	chr22	51034188	51034694	retro_human_10565	0	-	SCO2	506
chr22	51033788	51035395	ENSG00000272821[2,1,1]	0	+	51033969	51034254	0	1	1607,	0,	chr22	51034188	51034694	retro_human_10565	0	-	SCO2	506
chr22	51034082	51037076	ENSG00000284194[3,4,1]	0	-	51034178	51034976	0	2	907,266,	0,2728,	chr22	51034188	51034694	retro_human_10565	0	-	SCO2	506
chr22	51034082	51036760	ENSG00000284194[2,3,1]	0	-	51034178	51034976	0	2	907,195,	0,2483,	chr22	51034188	51034694	retro_human_10565	0	-	SCO2	506
chr22	51034082	51037597	ENSG00000025708[6,19,9]	0	-	51034178	51034976	255	3	907,231,457,	0,2728,3058,	chr22	51034188	51034694	retro_human_10565	0	-	SCO2	506
chr22	51034082	51037353	ENSG00000025708[5,19,9]	0	-	51034178	51034976	255	3	907,231,213,	0,2728,3058,	chr22	51034188	51034694	retro_human_10565	0	-	SCO2	506
chr22	51034440	51035395	ENSG00000272821[1,1,1]	0	+	51034974	51035253	0	1	955,	0,	chr22	51034188	51034694	retro_human_10565	0	-	SCO2	254
